indoor_temp,indoor_humidity,outdoor_temp,outdoor_humidity,indoor_heat_index,outdoor_heat_index,dew_point,temp_discrepancy,humidity_discrepancy,heat_stress_risk,comfort_status,projected_temp_4h
28.89,71.73,28.7,73.04,32.8,32.61,23.26,-0.19,1.31,1,High Heat Stress Risk,32.36
26.47,55.11,28.7,53.47,26.61,29.68,16.71,2.23,-1.64,0,Optimal Thermal Comfort,30.3
29.46,51.77,32.71,48.4,30.53,35.28,18.48,3.25,-3.37,1,High Heat Stress Risk,33.66
32.79,61.96,41.33,73.56,39.68,82.75,24.52,8.54,11.6,1,High Heat Stress Risk,38.58
26.11,59.87,31.59,66.77,26.34,38.16,17.69,5.48,6.9,0,Optimal Thermal Comfort,30.69
26.11,56.33,27.24,67.68,26.25,29.05,16.73,1.13,11.35,0,Optimal Thermal Comfort,30.82
33.0,70.7,38.32,84.38,43.77,77.34,26.95,5.32,13.68,1,High Heat Stress Risk,38.51
29.92,73.94,30.56,84.43,35.81,40.91,24.75,0.64,10.49,1,High Heat Stress Risk,33.31
25.22,63.11,31.91,76.54,25.45,42.62,17.69,6.69,13.43,0,Optimal Thermal Comfort,30.86
29.06,80.47,32.18,88.45,35.01,48.98,25.35,3.12,7.98,1,High Heat Stress Risk,33.26
25.24,47.73,29.22,47.33,25.07,29.62,13.35,3.98,-0.4,0,Optimal Thermal Comfort,29.58
25.23,59.58,32.48,76.01,25.36,44.35,16.79,7.25,16.43,0,Optimal Thermal Comfort,30.44
27.92,53.04,29.16,57.12,28.63,30.86,17.45,1.24,4.08,0,Optimal Thermal Comfort,32.44
19.73,38.67,20.72,40.15,18.77,19.9,5.25,0.99,1.48,0,Optimal Thermal Comfort,23.66
20.45,60.97,23.3,68.13,20.14,23.46,12.66,2.85,7.16,0,Optimal Thermal Comfort,24.3
24.86,60.48,31.45,62.13,24.98,36.42,16.68,6.59,1.65,0,Optimal Thermal Comfort,28.93
23.15,80.92,23.86,86.29,23.63,24.55,19.69,0.71,5.37,1,High Heat Stress Risk,28.36
28.19,69.89,25.88,80.97,31.02,26.64,22.16,-2.31,11.08,1,High Heat Stress Risk,32.22
23.55,49.2,26.71,60.31,23.25,27.74,12.27,3.16,11.11,0,Optimal Thermal Comfort,27.45
21.63,85.18,27.1,86.94,22.07,30.69,19.03,5.47,1.76,1,High Heat Stress Risk,26.42
32.57,77.26,39.53,82.11,45.22,82.09,28.06,6.96,4.85,1,High Heat Stress Risk,38.69
26.14,69.28,29.28,85.83,26.62,36.97,20.06,3.14,16.55,0,Optimal Thermal Comfort,30.83
27.26,59.17,30.51,71.39,28.35,36.7,18.58,3.25,12.22,0,Optimal Thermal Comfort,33.71
21.59,50.01,28.44,74.07,21.11,32.2,10.72,6.85,24.06,0,Optimal Thermal Comfort,25.65
24.93,57.35,24.83,74.7,24.98,25.32,15.91,-0.1,17.35,0,Optimal Thermal Comfort,28.42
27.42,75.61,30.73,92.69,30.19,44.63,22.72,3.31,17.08,1,High Heat Stress Risk,32.12
22.63,85.56,27.26,83.65,23.18,30.73,20.08,4.63,-1.91,1,High Heat Stress Risk,27.52
28.43,81.29,33.66,95.52,33.44,60.37,24.9,5.23,14.23,1,High Heat Stress Risk,32.35
24.72,55.89,27.75,63.99,24.71,29.5,15.31,3.03,8.1,0,Optimal Thermal Comfort,27.41
25.89,48.0,30.17,52.37,25.79,31.7,14.03,4.28,4.37,0,Optimal Thermal Comfort,29.98
24.71,63.76,23.19,73.52,24.9,23.48,17.37,-1.52,9.76,0,Optimal Thermal Comfort,26.96
34.04,39.89,36.72,55.48,35.47,47.89,18.46,2.68,15.59,1,High Heat Stress Risk,39.23
26.95,66.04,32.19,78.3,28.46,44.32,20.06,5.24,12.26,0,Optimal Thermal Comfort,32.16
22.98,60.15,24.92,62.07,22.9,25.09,14.83,1.94,1.92,0,Optimal Thermal Comfort,26.05
30.13,56.17,34.46,70.24,32.33,48.52,20.42,4.33,14.07,1,High Heat Stress Risk,34.23
22.36,42.07,27.59,45.78,21.75,27.69,8.84,5.23,3.71,0,Optimal Thermal Comfort,26.55
27.79,68.42,31.21,78.55,30.08,41.06,21.43,3.42,10.13,1,High Heat Stress Risk,33.12
19.55,55.34,24.15,61.57,19.01,24.23,10.35,4.6,6.23,0,Optimal Thermal Comfort,21.9
21.95,47.38,23.94,54.23,21.44,23.81,10.24,1.99,6.85,0,Optimal Thermal Comfort,26.16
27.75,26.1,31.47,40.34,26.76,31.59,6.54,3.72,14.24,0,Optimal Thermal Comfort,33.08
29.81,61.66,35.41,62.35,32.8,47.52,21.64,5.6,0.69,1,High Heat Stress Risk,35.84
27.65,84.15,32.21,99.0,31.81,54.72,24.72,4.56,14.85,1,High Heat Stress Risk,33.4
26.56,82.77,29.41,77.61,28.98,35.33,23.38,2.85,-5.16,1,High Heat Stress Risk,32.62
25.86,56.29,30.57,60.3,25.97,34.02,16.48,4.71,4.01,0,Optimal Thermal Comfort,30.18
21.38,54.47,27.23,65.75,21.0,28.86,11.81,5.85,11.28,0,Optimal Thermal Comfort,25.55
24.26,67.86,23.75,80.74,24.51,24.29,17.94,-0.51,12.88,0,Optimal Thermal Comfort,27.51
25.25,49.52,32.12,57.27,25.12,36.54,13.92,6.87,7.75,0,Optimal Thermal Comfort,30.07
31.02,65.77,34.44,73.84,36.42,50.43,23.85,3.42,8.07,1,High Heat Stress Risk,37.34
28.31,71.58,33.48,83.16,31.52,51.81,22.67,5.17,11.58,1,High Heat Stress Risk,32.32
20.3,77.34,27.25,84.1,20.4,30.76,16.2,6.95,6.76,1,High Heat Stress Risk,23.74
28.23,60.75,29.28,79.7,29.89,35.46,19.91,1.05,18.95,0,Optimal Thermal Comfort,33.65
25.54,59.45,28.1,74.25,25.7,31.47,17.04,2.56,14.8,0,Optimal Thermal Comfort,30.52
24.43,51.03,27.96,66.07,24.26,30.09,13.63,3.53,15.04,0,Optimal Thermal Comfort,28.35
29.32,51.66,31.72,52.92,30.31,34.55,18.32,2.4,1.26,1,High Heat Stress Risk,34.72
30.92,59.17,39.11,67.07,34.48,64.98,22.0,8.19,7.9,1,High Heat Stress Risk,37.04
30.54,66.59,32.77,72.84,35.48,43.95,23.6,2.23,6.25,1,High Heat Stress Risk,36.58
23.81,73.42,26.73,74.38,24.16,28.72,18.76,2.92,0.96,0,Optimal Thermal Comfort,27.88
25.82,51.96,30.5,63.16,25.81,34.54,15.19,4.68,11.2,0,Optimal Thermal Comfort,31.16
28.26,80.66,29.69,85.13,32.87,38.13,24.61,1.43,4.47,1,High Heat Stress Risk,34.7
30.71,58.61,34.0,72.03,33.92,47.81,21.65,3.29,13.42,1,High Heat Stress Risk,36.26
25.18,61.73,30.11,62.21,25.37,33.51,17.3,4.93,0.48,0,Optimal Thermal Comfort,29.73
26.29,52.66,29.73,74.05,26.35,35.34,15.83,3.44,21.39,0,Optimal Thermal Comfort,31.29
22.8,31.7,26.78,33.47,21.96,26.39,5.1,3.98,1.77,0,Optimal Thermal Comfort,26.54
22.45,73.05,25.44,83.2,22.66,26.21,17.37,2.99,10.15,0,Optimal Thermal Comfort,28.06
30.09,71.21,30.8,85.65,35.56,42.21,24.29,0.71,14.44,1,High Heat Stress Risk,34.85
32.15,58.48,37.09,62.7,36.96,53.49,22.96,4.94,4.22,1,High Heat Stress Risk,37.51
26.73,62.84,34.96,77.73,27.93,54.89,19.05,8.23,14.89,0,Optimal Thermal Comfort,31.35
30.81,68.45,35.06,67.73,36.65,49.27,24.31,4.25,-0.72,1,High Heat Stress Risk,36.89
28.37,42.47,33.09,61.86,28.19,40.44,14.38,4.72,19.39,0,Optimal Thermal Comfort,33.98
24.55,55.39,30.34,63.99,24.51,34.39,15.01,5.79,8.6,0,Optimal Thermal Comfort,28.73
28.37,71.93,29.65,75.96,31.7,35.59,22.81,1.28,4.03,1,High Heat Stress Risk,33.25
32.84,46.32,40.96,52.58,34.99,60.08,19.78,8.12,6.26,1,High Heat Stress Risk,37.85
26.86,65.67,31.53,80.24,28.3,42.79,19.88,4.67,14.57,0,Optimal Thermal Comfort,31.73
32.95,45.04,40.9,49.16,34.87,57.12,19.43,7.95,4.12,1,High Heat Stress Risk,39.42
17.04,67.83,19.56,70.71,16.57,19.42,11.05,2.52,2.88,0,Optimal Thermal Comfort,21.25
30.12,61.55,38.5,68.39,33.39,63.4,21.9,8.38,6.84,1,High Heat Stress Risk,35.32
27.33,41.81,33.31,41.48,27.21,34.62,13.2,5.98,-0.33,0,Optimal Thermal Comfort,31.37
25.86,76.56,31.34,98.71,26.5,50.09,21.42,5.48,22.15,1,High Heat Stress Risk,29.89
27.35,52.82,32.09,57.07,27.96,36.41,16.86,4.74,4.25,0,Optimal Thermal Comfort,31.16
19.45,51.87,23.08,66.61,18.8,23.18,9.29,3.63,14.74,0,Optimal Thermal Comfort,23.91
26.17,64.51,33.13,74.58,26.53,45.98,18.94,6.96,10.07,0,Optimal Thermal Comfort,32.3
28.36,76.36,32.88,77.47,32.39,46.45,23.79,4.52,1.11,1,High Heat Stress Risk,33.53
32.62,49.3,32.29,57.76,35.35,37.06,20.59,-0.33,8.46,1,High Heat Stress Risk,38.38
25.03,62.77,26.66,77.15,25.23,28.79,17.43,1.63,14.38,0,Optimal Thermal Comfort,29.13
23.93,67.36,27.7,74.45,24.14,30.64,17.5,3.77,7.09,0,Optimal Thermal Comfort,28.01
25.09,70.66,30.01,88.11,25.5,40.15,19.37,4.92,17.45,0,Optimal Thermal Comfort,29.34
30.48,64.21,34.55,80.37,34.75,54.79,22.94,4.07,16.16,1,High Heat Stress Risk,35.43
28.25,57.41,35.25,72.8,29.52,52.97,19.02,7.0,15.39,0,Optimal Thermal Comfort,32.38
24.99,51.66,24.7,56.71,24.89,24.71,14.34,-0.29,5.05,0,Optimal Thermal Comfort,28.89
28.95,63.08,33.48,63.48,31.43,42.16,21.2,4.53,0.4,1,High Heat Stress Risk,33.94
27.37,48.6,27.39,52.5,27.68,27.98,15.57,0.02,3.9,0,Optimal Thermal Comfort,32.04
30.68,25.48,36.63,35.45,29.07,38.81,8.66,5.95,9.97,1,High Heat Stress Risk,36.24
24.33,67.46,28.31,80.05,24.58,32.9,17.91,3.98,12.59,0,Optimal Thermal Comfort,28.45
25.75,73.3,30.92,65.51,26.29,36.1,20.6,5.17,-7.79,0,Optimal Thermal Comfort,29.73
25.51,32.46,27.72,40.9,24.96,27.48,7.8,2.21,8.44,0,Optimal Thermal Comfort,29.72
21.44,49.38,28.58,59.06,20.93,30.22,10.39,7.14,9.68,0,Optimal Thermal Comfort,26.28
28.13,69.74,34.72,76.16,30.88,52.9,22.07,6.59,6.42,1,High Heat Stress Risk,32.48
27.99,87.72,33.53,99.0,33.32,62.02,25.76,5.54,11.28,1,High Heat Stress Risk,33.09
27.02,62.26,30.92,73.92,28.27,38.59,19.17,3.9,11.66,0,Optimal Thermal Comfort,31.83
26.11,52.9,31.64,71.23,26.16,39.79,15.74,5.53,18.33,0,Optimal Thermal Comfort,30.32
21.62,59.71,24.2,66.59,21.4,24.41,13.44,2.58,6.88,0,Optimal Thermal Comfort,24.81
25.4,79.19,31.57,94.72,26.06,49.28,21.52,6.17,15.53,1,High Heat Stress Risk,30.31
25.7,53.93,33.69,74.69,25.73,48.06,15.66,7.99,20.76,0,Optimal Thermal Comfort,29.9
23.95,52.01,30.61,70.35,23.76,36.67,13.48,6.66,18.34,0,Optimal Thermal Comfort,28.8
26.39,55.97,28.91,56.27,26.55,30.35,16.88,2.52,0.3,0,Optimal Thermal Comfort,30.05
28.54,50.08,33.57,56.68,29.09,39.75,17.11,5.03,6.6,0,Optimal Thermal Comfort,34.37
34.17,63.53,35.39,69.44,44.22,51.46,26.24,1.22,5.91,1,High Heat Stress Risk,41.23
27.66,82.31,33.18,94.48,31.58,57.13,24.36,5.52,12.17,1,High Heat Stress Risk,31.99
27.98,66.04,33.22,79.69,30.12,48.85,21.03,5.24,13.65,1,High Heat Stress Risk,33.36
26.72,58.85,26.62,61.05,27.67,27.68,17.99,-0.1,2.2,0,Optimal Thermal Comfort,30.17
19.71,58.35,21.24,67.36,19.26,21.18,11.3,1.53,9.01,0,Optimal Thermal Comfort,23.68
26.9,42.46,30.45,35.81,26.91,29.73,13.05,3.55,-6.65,0,Optimal Thermal Comfort,30.52
27.23,73.04,30.74,92.35,29.54,44.54,21.97,3.51,19.31,0,Optimal Thermal Comfort,32.2
36.36,61.03,37.78,65.68,49.9,58.22,27.61,1.42,4.65,1,High Heat Stress Risk,41.37
26.27,59.74,31.36,68.66,26.51,38.15,17.81,5.09,8.92,0,Optimal Thermal Comfort,30.82
28.15,98.0,32.92,99.0,35.79,58.57,27.8,4.77,1.0,1,High Heat Stress Risk,32.31
26.87,65.73,30.62,82.83,28.32,40.57,19.9,3.75,17.1,0,Optimal Thermal Comfort,32.08
22.56,52.6,25.02,39.82,22.25,24.62,12.37,2.46,-12.78,0,Optimal Thermal Comfort,25.69
31.34,56.67,37.95,65.05,34.72,58.43,21.69,6.61,8.38,1,High Heat Stress Risk,37.45
29.86,76.36,37.86,84.06,36.27,74.37,25.24,8.0,7.7,1,High Heat Stress Risk,35.28
30.01,63.42,33.09,68.51,33.56,43.11,22.29,3.08,5.09,1,High Heat Stress Risk,34.89
23.54,44.02,26.34,65.47,23.1,27.57,10.58,2.8,21.45,0,Optimal Thermal Comfort,27.6
32.33,73.49,37.66,75.34,42.78,65.4,26.97,5.33,1.85,1,High Heat Stress Risk,37.41
21.67,53.65,25.05,67.94,21.29,25.38,11.85,3.38,14.29,0,Optimal Thermal Comfort,25.59
29.23,85.42,33.11,96.59,36.7,58.08,26.52,3.88,11.17,1,High Heat Stress Risk,35.34
35.32,75.5,41.22,93.46,54.97,108.17,30.31,5.9,17.96,1,High Heat Stress Risk,40.92
23.24,56.41,23.04,59.9,23.09,22.96,14.08,-0.2,3.49,0,Optimal Thermal Comfort,27.57
24.85,78.01,32.08,81.02,25.43,45.11,20.75,7.23,3.01,1,High Heat Stress Risk,30.79
27.38,62.85,31.75,79.57,28.83,43.29,19.66,4.37,16.72,0,Optimal Thermal Comfort,31.53
25.09,72.66,28.34,84.35,25.55,33.75,19.82,3.25,11.69,0,Optimal Thermal Comfort,28.25
21.11,68.06,25.1,64.97,21.05,25.36,14.98,3.99,-3.09,0,Optimal Thermal Comfort,25.1
27.26,51.42,31.37,55.88,27.77,34.59,16.35,4.11,4.46,0,Optimal Thermal Comfort,31.55
22.96,53.96,23.18,65.35,22.72,23.26,13.13,0.22,11.39,0,Optimal Thermal Comfort,27.84
28.8,74.87,36.44,89.66,33.18,71.44,23.89,7.64,14.79,1,High Heat Stress Risk,34.29
23.51,57.82,27.8,61.22,23.43,29.29,14.71,4.29,3.4,0,Optimal Thermal Comfort,27.08
32.89,56.95,38.11,43.6,38.2,45.42,23.21,5.22,-13.35,1,High Heat Stress Risk,37.75
24.02,50.06,30.41,62.49,23.78,34.19,12.96,6.39,12.43,0,Optimal Thermal Comfort,29.4
25.78,67.29,27.63,66.64,26.17,29.6,19.25,1.85,-0.65,0,Optimal Thermal Comfort,29.5
30.09,87.78,35.38,81.15,40.33,59.08,27.83,5.29,-6.63,1,High Heat Stress Risk,35.43
22.32,48.66,25.91,35.91,21.88,25.49,10.97,3.59,-12.75,0,Optimal Thermal Comfort,26.92
27.86,62.3,34.01,76.91,29.49,50.48,19.97,6.15,14.61,0,Optimal Thermal Comfort,32.6
31.97,79.65,31.27,89.12,44.11,45.43,28.0,-0.7,9.47,1,High Heat Stress Risk,36.63
20.89,61.0,24.86,67.81,20.63,25.17,13.08,3.97,6.81,0,Optimal Thermal Comfort,24.61
27.7,67.65,30.52,86.57,29.83,41.51,21.16,2.82,18.92,0,Optimal Thermal Comfort,32.79
27.99,48.72,33.18,62.0,28.33,40.73,16.17,5.19,13.28,0,Optimal Thermal Comfort,33.41
29.97,67.35,35.25,87.98,34.34,63.46,23.24,5.28,20.63,1,High Heat Stress Risk,35.09
22.3,59.66,24.87,57.72,22.14,24.92,14.06,2.57,-1.94,0,Optimal Thermal Comfort,26.08
21.98,74.32,24.54,82.56,22.17,25.21,17.19,2.56,8.24,0,Optimal Thermal Comfort,25.38
28.98,76.84,32.93,73.22,34.02,44.66,24.49,3.95,-3.62,1,High Heat Stress Risk,32.81
28.13,94.37,30.27,99.0,34.99,45.07,27.14,2.14,4.63,1,High Heat Stress Risk,32.86
27.95,69.25,34.09,75.88,30.47,50.22,21.78,6.14,6.63,1,High Heat Stress Risk,34.48
28.32,66.07,31.67,79.27,30.73,42.89,21.36,3.35,13.2,1,High Heat Stress Risk,32.41
24.42,64.43,21.93,73.27,24.6,22.09,17.26,-2.49,8.84,0,Optimal Thermal Comfort,27.13
27.88,57.59,31.22,70.76,29.02,38.44,18.73,3.34,13.17,0,Optimal Thermal Comfort,31.91
28.11,66.23,29.93,80.01,30.38,37.46,21.2,1.82,13.78,1,High Heat Stress Risk,33.14
24.29,58.31,24.73,82.97,24.3,25.42,15.57,0.44,24.66,0,Optimal Thermal Comfort,28.34
34.09,64.11,35.44,70.24,44.24,52.13,26.32,1.35,6.13,1,High Heat Stress Risk,39.29
28.8,78.47,33.25,79.91,33.88,49.09,24.67,4.45,1.44,1,High Heat Stress Risk,33.1
22.47,49.42,29.73,59.76,22.06,32.28,11.35,7.26,10.34,0,Optimal Thermal Comfort,27.0
29.49,76.25,34.42,78.73,35.23,53.22,24.86,4.93,2.48,1,High Heat Stress Risk,33.48
23.3,78.46,26.1,98.08,23.73,28.65,19.34,2.8,19.62,1,High Heat Stress Risk,27.32
29.99,60.52,35.24,66.9,32.92,49.44,21.5,5.25,6.38,1,High Heat Stress Risk,35.93
31.4,35.48,34.55,39.73,30.79,36.32,14.28,3.15,4.25,1,High Heat Stress Risk,35.64
23.88,54.4,26.48,59.37,23.74,27.42,14.11,2.6,4.97,0,Optimal Thermal Comfort,26.7
30.66,78.21,32.21,92.1,39.17,50.97,26.42,1.55,13.89,1,High Heat Stress Risk,36.68
28.57,61.71,28.74,69.03,30.56,32.0,20.49,0.17,7.32,1,High Heat Stress Risk,32.42
30.12,49.51,33.43,53.2,31.15,38.2,18.38,3.31,3.69,1,High Heat Stress Risk,35.99
34.21,55.69,38.77,76.68,40.98,72.19,24.06,4.56,20.99,1,High Heat Stress Risk,39.91
26.07,72.51,30.05,74.59,26.63,36.33,20.73,3.98,2.08,0,Optimal Thermal Comfort,30.46
24.14,68.83,27.38,77.6,24.41,30.33,18.05,3.24,8.77,0,Optimal Thermal Comfort,28.58
23.62,59.01,25.64,72.41,23.58,26.15,15.13,2.02,13.4,0,Optimal Thermal Comfort,26.8
23.9,57.41,29.5,53.68,23.84,30.87,14.96,5.6,-3.73,0,Optimal Thermal Comfort,28.42
26.71,57.1,27.88,69.2,27.55,30.34,17.5,1.17,12.1,0,Optimal Thermal Comfort,30.61
28.3,50.47,34.28,51.06,28.84,39.39,17.01,5.98,0.59,0,Optimal Thermal Comfort,32.45
28.05,82.19,29.95,96.86,32.57,42.84,24.72,1.9,14.67,1,High Heat Stress Risk,32.8
30.14,57.97,32.61,59.25,32.69,38.29,20.94,2.47,1.28,1,High Heat Stress Risk,34.83
27.05,77.21,27.88,90.91,29.59,33.52,22.71,0.83,13.7,1,High Heat Stress Risk,31.11
32.52,81.02,35.57,97.81,46.78,73.42,28.83,3.05,16.79,1,High Heat Stress Risk,36.95
25.99,74.48,32.44,89.44,26.59,50.64,21.09,6.45,14.96,0,Optimal Thermal Comfort,32.05
37.34,56.6,42.72,66.99,50.48,82.53,27.24,5.38,10.39,1,High Heat Stress Risk,44.41
29.38,67.05,35.83,73.81,32.98,55.99,22.61,6.45,6.76,1,High Heat Stress Risk,35.48
23.74,61.7,29.14,65.87,23.78,32.27,15.94,5.4,4.17,0,Optimal Thermal Comfort,27.88
22.93,50.7,24.59,70.24,22.6,24.94,12.16,1.66,19.54,0,Optimal Thermal Comfort,25.32
28.83,66.05,32.27,69.31,31.69,40.95,21.84,3.44,3.26,1,High Heat Stress Risk,35.14
26.15,47.26,28.56,47.98,26.05,28.89,14.02,2.41,0.72,0,Optimal Thermal Comfort,30.39
29.71,76.85,36.97,90.34,35.98,75.2,25.2,7.26,13.49,1,High Heat Stress Risk,34.69
28.8,56.19,30.25,58.72,30.17,33.05,19.19,1.45,2.53,1,High Heat Stress Risk,33.65
26.72,64.51,32.98,65.89,28.02,41.7,19.46,6.26,1.38,0,Optimal Thermal Comfort,32.54
23.78,65.54,30.04,63.21,23.92,33.58,16.93,6.26,-2.33,0,Optimal Thermal Comfort,28.27
21.24,58.76,29.65,63.64,20.95,32.87,12.84,8.41,4.88,0,Optimal Thermal Comfort,26.65
25.3,69.33,28.56,77.21,25.7,33.03,19.27,3.26,7.88,0,Optimal Thermal Comfort,30.4
30.25,56.06,36.09,66.39,32.52,52.19,20.5,5.84,10.33,1,High Heat Stress Risk,34.86
27.81,72.89,37.26,88.53,30.67,75.2,22.49,9.45,15.64,1,High Heat Stress Risk,32.89
22.27,45.18,25.05,57.63,21.73,25.12,9.82,2.78,12.45,0,Optimal Thermal Comfort,26.75
27.66,63.58,28.33,70.65,29.32,31.42,20.11,0.67,7.07,0,Optimal Thermal Comfort,29.88
28.46,86.24,28.34,93.25,34.47,35.51,25.93,-0.12,7.01,1,High Heat Stress Risk,32.6
23.64,49.5,29.48,61.82,23.35,32.19,12.44,5.84,12.32,0,Optimal Thermal Comfort,26.99
27.58,53.53,27.45,71.57,28.28,29.81,17.28,-0.13,18.04,0,Optimal Thermal Comfort,31.34
27.22,68.42,30.56,77.87,29.09,38.75,20.89,3.34,9.45,0,Optimal Thermal Comfort,31.58
22.66,64.24,27.86,69.23,22.66,30.3,15.55,5.2,4.99,0,Optimal Thermal Comfort,26.57
28.36,66.38,32.99,67.44,30.85,42.36,21.48,4.63,1.06,1,High Heat Stress Risk,32.89
29.13,68.11,34.31,65.78,32.66,45.72,22.63,5.18,-2.33,1,High Heat Stress Risk,33.45
31.12,69.93,35.83,83.43,37.9,62.96,24.97,4.71,13.5,1,High Heat Stress Risk,38.21
31.0,75.87,38.15,88.71,39.46,80.81,26.23,7.15,12.84,1,High Heat Stress Risk,38.12
21.76,67.12,23.77,79.95,21.74,24.29,15.38,2.01,12.83,0,Optimal Thermal Comfort,24.45
23.44,58.98,26.08,66.52,23.38,26.48,14.95,2.64,7.54,0,Optimal Thermal Comfort,28.54
28.96,70.41,31.38,89.46,32.72,46.03,23.02,2.42,19.05,1,High Heat Stress Risk,33.37
28.95,85.75,35.06,90.62,35.89,64.47,26.31,6.11,4.87,1,High Heat Stress Risk,34.31
28.96,60.34,35.23,76.01,31.02,54.92,20.49,6.27,15.67,1,High Heat Stress Risk,34.2
41.64,49.82,46.88,58.03,60.21,92.69,29.0,5.24,8.21,1,High Heat Stress Risk,48.18
29.17,75.84,36.09,79.78,34.3,61.44,24.46,6.92,3.94,1,High Heat Stress Risk,35.32
31.32,60.5,32.81,73.44,35.67,44.35,22.74,1.49,12.94,1,High Heat Stress Risk,36.34
30.63,34.84,38.66,46.41,29.82,48.4,13.33,8.03,11.57,1,High Heat Stress Risk,36.07
29.48,72.59,37.18,83.77,34.37,70.31,24.02,7.7,11.18,1,High Heat Stress Risk,34.08
25.8,55.31,31.69,64.42,25.88,37.68,16.15,5.89,9.11,0,Optimal Thermal Comfort,29.88
29.88,60.87,38.18,69.08,32.77,62.56,21.49,8.3,8.21,1,High Heat Stress Risk,34.38
24.06,66.15,24.45,92.56,24.25,25.37,17.34,0.39,26.41,0,Optimal Thermal Comfort,27.74
26.1,64.38,29.09,81.76,26.45,35.39,18.84,2.99,17.38,0,Optimal Thermal Comfort,29.57
25.16,70.87,27.66,84.79,25.58,31.92,19.49,2.5,13.92,0,Optimal Thermal Comfort,29.11
27.31,56.56,33.17,65.89,28.2,42.26,17.91,5.86,9.33,0,Optimal Thermal Comfort,33.31
35.8,68.41,37.58,84.47,52.37,73.18,29.05,1.78,16.06,1,High Heat Stress Risk,42.34
19.9,58.76,25.85,71.14,19.48,26.35,11.58,5.95,12.38,0,Optimal Thermal Comfort,23.75
29.61,71.24,36.96,79.93,34.38,65.82,23.83,7.35,8.69,1,High Heat Stress Risk,35.09
20.87,69.69,26.67,75.92,20.83,28.72,15.12,5.8,6.23,0,Optimal Thermal Comfort,26.28
25.21,50.31,30.06,58.2,25.1,32.59,14.13,4.85,7.89,0,Optimal Thermal Comfort,30.11
31.14,75.57,33.07,60.3,39.79,39.81,26.3,1.93,-15.27,1,High Heat Stress Risk,35.85
27.24,55.3,29.5,65.38,28.02,32.91,17.48,2.26,10.08,0,Optimal Thermal Comfort,30.6
22.9,72.1,29.98,76.94,23.13,36.76,17.6,7.08,4.84,0,Optimal Thermal Comfort,27.69
24.28,66.59,30.27,87.04,24.5,40.75,17.65,5.99,20.45,0,Optimal Thermal Comfort,29.44
29.58,84.98,33.69,93.62,37.72,59.25,26.78,4.11,8.64,1,High Heat Stress Risk,34.16
24.22,59.21,27.46,58.79,24.24,28.58,15.75,3.24,-0.42,0,Optimal Thermal Comfort,28.56
27.82,57.63,27.36,65.76,28.95,29.07,18.68,-0.46,8.13,0,Optimal Thermal Comfort,31.65
27.17,61.76,28.91,62.41,28.44,31.25,19.18,1.74,0.65,0,Optimal Thermal Comfort,31.37
24.52,58.21,33.12,70.26,24.55,43.97,15.76,8.6,12.05,0,Optimal Thermal Comfort,27.62
35.15,72.0,36.4,82.68,52.09,65.25,29.32,1.25,10.68,1,High Heat Stress Risk,40.44
29.41,41.8,34.04,57.48,29.22,41.25,15.06,4.63,15.68,1,High Heat Stress Risk,35.24
19.3,48.83,25.82,51.4,18.56,25.8,8.26,6.52,2.57,0,Optimal Thermal Comfort,22.7
27.71,48.65,29.02,57.41,28.02,30.68,15.9,1.31,8.76,0,Optimal Thermal Comfort,32.1
24.49,73.88,29.11,72.14,24.92,33.39,19.52,4.62,-1.74,0,Optimal Thermal Comfort,28.29
30.24,83.38,36.6,97.14,39.45,79.47,27.1,6.36,13.76,1,High Heat Stress Risk,36.0
23.99,60.69,28.22,73.09,24.03,31.55,15.92,4.23,12.4,0,Optimal Thermal Comfort,28.06
26.56,59.89,37.36,72.11,27.54,61.37,18.12,10.8,12.22,0,Optimal Thermal Comfort,31.46
28.92,62.88,29.28,71.39,31.34,33.63,21.12,0.36,8.51,1,High Heat Stress Risk,34.31
30.29,76.52,36.92,88.13,37.54,72.83,25.69,6.63,11.61,1,High Heat Stress Risk,36.52
22.44,50.41,26.24,70.94,22.06,27.69,11.62,3.8,20.53,0,Optimal Thermal Comfort,25.92
25.73,64.98,31.7,71.34,26.06,40.01,18.64,5.97,6.36,0,Optimal Thermal Comfort,30.86
25.2,74.19,30.41,83.73,25.71,40.15,20.27,5.21,9.54,0,Optimal Thermal Comfort,30.16
24.52,68.26,27.03,68.62,24.81,28.79,18.28,2.51,0.36,0,Optimal Thermal Comfort,29.06
33.71,64.37,38.44,66.36,43.21,61.47,26.03,4.73,1.99,1,High Heat Stress Risk,38.21
28.54,74.51,28.47,83.75,32.5,34.01,23.55,-0.07,9.24,1,High Heat Stress Risk,33.57
22.21,28.21,27.8,44.99,21.22,27.84,2.93,5.59,16.78,0,Optimal Thermal Comfort,25.95
30.49,70.47,35.37,77.05,36.39,56.21,24.49,4.88,6.58,1,High Heat Stress Risk,35.53
35.06,53.82,40.73,60.55,42.39,66.17,24.28,5.67,6.73,1,High Heat Stress Risk,43.15
30.92,39.12,37.56,44.57,30.69,44.53,15.38,6.64,5.45,1,High Heat Stress Risk,36.78
21.23,68.39,26.27,72.88,21.19,27.83,15.17,5.04,4.49,0,Optimal Thermal Comfort,24.88
25.16,79.17,29.7,89.88,25.8,39.56,21.29,4.54,10.71,1,High Heat Stress Risk,27.96
31.81,60.28,33.99,57.55,36.72,41.15,23.14,2.18,-2.73,1,High Heat Stress Risk,37.95
24.31,73.91,26.87,92.02,24.73,30.56,19.35,2.56,18.11,0,Optimal Thermal Comfort,27.33
28.69,82.15,35.62,85.66,34.32,63.61,25.33,6.93,3.51,1,High Heat Stress Risk,33.28
29.94,78.44,37.45,92.35,37.05,80.17,25.77,7.51,13.91,1,High Heat Stress Risk,35.31
23.48,82.5,27.13,81.47,24.04,30.18,20.32,3.65,-1.03,1,High Heat Stress Risk,28.61
26.77,71.28,31.08,84.79,28.57,42.93,21.12,4.31,13.51,0,Optimal Thermal Comfort,32.01
16.0,62.94,18.0,76.48,15.3,17.85,8.94,2.0,13.54,0,Optimal Thermal Comfort,18.58
23.11,41.98,30.0,53.36,22.57,31.6,9.48,6.89,11.38,0,Optimal Thermal Comfort,27.84
26.04,58.92,31.77,59.97,26.24,36.53,17.37,5.73,1.05,0,Optimal Thermal Comfort,30.36
22.26,51.46,30.92,61.83,21.89,35.13,11.76,8.66,10.37,0,Optimal Thermal Comfort,27.0
33.2,89.14,35.38,88.76,53.99,64.76,31.16,2.18,-0.38,1,High Heat Stress Risk,38.56
21.57,59.8,24.9,66.41,21.34,25.18,13.42,3.33,6.61,0,Optimal Thermal Comfort,26.03
25.33,63.54,30.06,79.76,25.58,37.78,17.9,4.73,16.22,0,Optimal Thermal Comfort,30.56
27.5,68.89,33.18,83.37,29.61,50.64,21.27,5.68,14.48,0,Optimal Thermal Comfort,32.85
32.48,62.55,36.18,71.16,39.08,55.64,24.39,3.7,8.61,1,High Heat Stress Risk,37.64
21.54,83.19,23.74,84.38,21.92,24.37,18.56,2.2,1.19,1,High Heat Stress Risk,25.66
31.42,54.22,37.65,67.56,34.28,59.1,21.04,6.23,13.34,1,High Heat Stress Risk,37.0
27.04,64.43,32.9,73.08,28.47,44.49,19.74,5.86,8.65,0,Optimal Thermal Comfort,31.16
23.27,52.72,25.36,43.82,23.03,25.1,13.06,2.09,-8.9,0,Optimal Thermal Comfort,26.77
28.76,45.5,36.07,59.87,28.87,48.29,15.8,7.31,14.37,0,Optimal Thermal Comfort,34.23
27.76,54.35,34.65,62.67,28.56,45.28,17.69,6.89,8.32,0,Optimal Thermal Comfort,33.64
24.72,61.54,29.23,79.06,24.85,35.17,16.82,4.51,17.52,0,Optimal Thermal Comfort,28.97
27.27,56.63,31.65,56.92,28.16,35.43,17.89,4.38,0.29,0,Optimal Thermal Comfort,31.11
25.54,53.34,31.01,38.02,25.54,30.65,15.34,5.47,-15.32,0,Optimal Thermal Comfort,30.23
27.43,44.42,29.65,55.01,27.46,31.31,14.23,2.22,10.59,0,Optimal Thermal Comfort,31.96
29.52,60.96,33.79,71.65,32.11,46.88,21.18,4.27,10.69,1,High Heat Stress Risk,34.73
33.03,43.19,32.28,39.01,34.56,32.5,18.83,-0.75,-4.18,1,High Heat Stress Risk,38.56
22.3,71.5,28.51,72.66,22.45,32.12,16.89,6.21,1.16,0,Optimal Thermal Comfort,27.34
35.11,63.03,35.71,92.19,46.91,69.4,26.99,0.6,29.16,1,High Heat Stress Risk,40.02
19.58,43.78,27.24,49.99,18.74,27.65,6.92,7.66,6.21,0,Optimal Thermal Comfort,23.2
26.42,58.13,29.86,72.12,26.64,35.2,17.51,3.44,13.99,0,Optimal Thermal Comfort,30.12
29.24,52.6,32.95,56.22,30.33,38.1,18.54,3.71,3.62,1,High Heat Stress Risk,34.71
28.07,65.99,30.82,58.81,30.27,34.19,21.11,2.75,-7.18,1,High Heat Stress Risk,33.78
24.63,78.76,28.17,85.98,25.21,33.55,20.69,3.54,7.22,1,High Heat Stress Risk,28.62
26.21,38.56,33.67,45.07,25.89,36.2,10.98,7.46,6.51,0,Optimal Thermal Comfort,31.08
25.13,63.44,23.6,68.94,25.36,23.82,17.69,-1.53,5.5,0,Optimal Thermal Comfort,29.77
24.76,60.0,31.9,67.64,24.86,39.29,16.46,7.14,7.64,0,Optimal Thermal Comfort,29.92
30.23,70.39,35.21,80.87,35.7,58.09,24.23,4.98,10.48,1,High Heat Stress Risk,35.84
28.36,64.66,29.78,72.04,30.61,34.98,21.05,1.42,7.38,1,High Heat Stress Risk,31.93
24.37,52.6,26.09,51.62,24.24,26.1,14.04,1.72,-0.98,0,Optimal Thermal Comfort,28.79
30.42,58.01,38.47,70.16,33.22,64.77,21.21,8.05,12.15,1,High Heat Stress Risk,35.49
28.17,52.05,30.19,45.93,28.84,30.7,17.38,2.02,-6.12,0,Optimal Thermal Comfort,31.85
30.09,75.45,31.64,68.57,36.67,38.89,25.26,1.55,-6.88,1,High Heat Stress Risk,34.58
29.39,62.27,36.21,76.31,32.11,59.4,21.4,6.82,14.04,1,High Heat Stress Risk,34.38
23.85,85.76,28.83,98.07,24.53,38.5,21.31,4.98,12.31,1,High Heat Stress Risk,28.01
24.87,61.24,26.91,69.31,25.01,28.65,16.88,2.04,8.07,0,Optimal Thermal Comfort,27.83
29.84,53.14,34.54,51.18,31.31,40.04,19.25,4.7,-1.96,1,High Heat Stress Risk,35.74
29.32,43.08,31.16,46.27,29.25,32.16,15.45,1.84,3.19,1,High Heat Stress Risk,34.84
26.92,39.46,33.65,45.99,26.78,36.42,11.96,6.73,6.53,0,Optimal Thermal Comfort,30.51
27.45,42.2,34.09,38.73,27.34,35.26,13.45,6.64,-3.47,0,Optimal Thermal Comfort,33.3
31.86,65.34,37.28,68.3,38.41,58.13,24.53,5.42,2.96,1,High Heat Stress Risk,36.84
24.75,68.36,29.78,81.75,25.07,37.48,18.52,5.03,13.39,0,Optimal Thermal Comfort,29.86
29.08,42.24,37.33,61.44,28.9,53.52,14.93,8.25,19.2,1,High Heat Stress Risk,34.63
26.23,73.19,30.43,78.54,27.78,38.56,21.04,4.2,5.35,0,Optimal Thermal Comfort,30.82
26.17,55.96,27.65,70.14,26.3,30.02,16.68,1.48,14.18,0,Optimal Thermal Comfort,30.18
31.18,63.83,36.41,57.98,36.26,48.32,23.5,5.23,-5.85,1,High Heat Stress Risk,37.55
30.14,82.15,39.13,95.6,38.74,95.35,26.75,8.99,13.45,1,High Heat Stress Risk,35.08
30.09,73.21,31.96,75.68,36.07,42.45,24.75,1.87,2.47,1,High Heat Stress Risk,35.34
31.96,58.64,35.33,69.45,36.58,51.24,22.83,3.37,10.81,1,High Heat Stress Risk,38.09
27.08,50.86,32.24,57.5,27.55,36.87,16.02,5.16,6.64,0,Optimal Thermal Comfort,32.45
29.59,35.1,33.67,53.51,28.76,38.85,12.53,4.08,18.41,1,High Heat Stress Risk,36.38
25.82,53.01,27.76,54.95,25.84,28.61,15.5,1.94,1.94,0,Optimal Thermal Comfort,29.59
28.23,59.36,35.01,72.57,29.72,51.89,19.54,6.78,13.21,0,Optimal Thermal Comfort,34.2
26.51,49.66,36.04,56.06,26.51,46.16,15.12,9.53,6.4,0,Optimal Thermal Comfort,31.84
27.37,60.36,32.02,67.67,28.59,39.63,19.0,4.65,7.31,0,Optimal Thermal Comfort,33.1
29.26,62.96,31.38,70.08,31.98,38.66,21.46,2.12,7.12,1,High Heat Stress Risk,33.96
23.89,59.19,24.53,61.35,23.88,24.64,15.43,0.64,2.16,0,Optimal Thermal Comfort,27.28
34.95,53.87,39.74,62.27,42.13,63.53,24.19,4.79,8.4,1,High Heat Stress Risk,41.89
23.18,64.11,29.92,72.14,23.23,35.36,16.01,6.74,8.03,0,Optimal Thermal Comfort,27.3
22.39,67.52,27.68,77.83,22.45,31.03,16.08,5.29,10.31,0,Optimal Thermal Comfort,25.48
31.4,48.37,35.6,57.5,32.95,45.6,19.17,4.2,9.13,1,High Heat Stress Risk,36.35
30.01,79.64,32.85,94.12,37.6,55.21,26.09,2.84,14.48,1,High Heat Stress Risk,35.4
29.37,60.77,31.06,76.19,31.81,39.75,20.99,1.69,15.42,1,High Heat Stress Risk,35.07
29.39,62.24,35.51,62.86,32.1,48.12,21.4,6.12,0.62,1,High Heat Stress Risk,34.8
26.95,70.85,33.26,85.87,28.84,52.38,21.2,6.31,15.02,0,Optimal Thermal Comfort,32.93
23.59,64.92,24.24,64.52,23.7,24.4,16.6,0.65,-0.4,0,Optimal Thermal Comfort,26.21
27.29,73.91,35.14,86.82,29.74,62.02,22.22,7.85,12.91,0,Optimal Thermal Comfort,32.23
24.43,65.59,29.95,78.74,24.64,37.16,17.56,5.52,13.15,0,Optimal Thermal Comfort,28.71
30.71,54.34,38.12,48.51,32.99,48.09,20.42,7.41,-5.83,1,High Heat Stress Risk,36.34
26.44,66.52,27.55,75.72,27.76,30.48,19.69,1.11,9.2,0,Optimal Thermal Comfort,30.64
23.86,47.7,24.92,52.69,23.55,24.84,12.08,1.06,4.99,0,Optimal Thermal Comfort,28.12
25.78,63.36,29.64,66.17,26.07,33.36,18.28,3.86,2.81,0,Optimal Thermal Comfort,29.89
28.57,61.58,33.93,80.22,30.54,52.04,20.45,5.36,18.64,1,High Heat Stress Risk,33.76
24.86,59.4,33.19,63.0,24.95,41.15,16.39,8.33,3.6,0,Optimal Thermal Comfort,29.8
23.88,60.39,29.7,62.85,23.9,32.81,15.74,5.82,2.46,0,Optimal Thermal Comfort,27.64
27.93,38.48,31.57,47.54,27.51,33.07,12.47,3.64,9.06,0,Optimal Thermal Comfort,32.58
27.93,55.14,29.77,68.78,28.85,34.21,18.08,1.84,13.64,0,Optimal Thermal Comfort,32.29
25.07,63.16,32.1,70.6,25.28,40.93,17.56,7.03,7.44,0,Optimal Thermal Comfort,29.76
25.21,64.0,27.19,81.25,25.46,30.3,17.9,1.98,17.25,0,Optimal Thermal Comfort,29.31
27.88,49.15,35.83,61.64,28.24,48.5,16.21,7.95,12.49,0,Optimal Thermal Comfort,33.31
21.5,77.82,25.04,69.98,21.74,25.43,17.46,3.54,-7.84,1,High Heat Stress Risk,24.93
21.65,51.17,29.51,55.7,21.21,31.2,11.12,7.86,4.53,0,Optimal Thermal Comfort,27.03
24.27,74.12,30.03,78.4,24.69,37.31,19.36,5.76,4.28,0,Optimal Thermal Comfort,27.9
26.19,67.34,30.07,79.44,26.62,37.72,19.65,3.88,12.1,0,Optimal Thermal Comfort,30.16
28.18,53.92,31.19,42.74,29.04,31.59,17.95,3.01,-11.18,0,Optimal Thermal Comfort,34.94
32.61,84.19,36.02,99.0,48.68,77.43,29.58,3.41,14.81,1,High Heat Stress Risk,37.23
30.26,47.08,35.44,59.56,30.97,46.16,17.7,5.18,12.48,1,High Heat Stress Risk,34.56
26.39,73.49,30.77,83.11,28.07,41.19,21.26,4.38,9.62,0,Optimal Thermal Comfort,31.56
26.93,74.51,29.76,91.87,29.11,40.4,22.0,2.83,17.36,0,Optimal Thermal Comfort,29.84
23.19,53.62,27.01,79.69,22.96,29.73,13.25,3.82,26.07,0,Optimal Thermal Comfort,27.07
26.93,79.41,31.31,94.44,29.53,47.94,23.05,4.38,15.03,1,High Heat Stress Risk,33.24
25.9,58.87,25.21,74.49,26.08,25.73,17.23,-0.69,15.62,0,Optimal Thermal Comfort,28.52
28.23,65.61,33.48,75.09,30.51,47.49,21.16,5.25,9.48,1,High Heat Stress Risk,31.77
23.86,65.25,25.8,72.69,24.01,26.33,16.93,1.94,7.44,0,Optimal Thermal Comfort,26.61
28.97,60.32,30.52,65.25,31.03,35.1,20.49,1.55,4.93,1,High Heat Stress Risk,34.22
32.82,72.14,33.14,74.44,43.81,45.95,27.12,0.32,2.3,1,High Heat Stress Risk,38.63
26.59,71.92,26.66,75.27,28.31,28.66,21.1,0.07,3.35,0,Optimal Thermal Comfort,30.2
28.53,40.14,29.61,38.51,28.16,29.1,13.65,1.08,-1.63,0,Optimal Thermal Comfort,33.48
29.62,78.3,32.19,86.24,36.09,47.94,25.43,2.57,7.94,1,High Heat Stress Risk,35.49
25.48,41.22,34.17,37.08,25.16,34.99,11.33,8.69,-4.14,0,Optimal Thermal Comfort,31.95
27.85,74.91,30.84,84.84,31.02,42.06,22.98,2.99,9.93,1,High Heat Stress Risk,32.29
27.05,76.08,31.66,84.31,29.48,44.94,22.46,4.61,8.23,1,High Heat Stress Risk,30.07
27.37,48.36,32.49,57.96,27.66,37.59,15.49,5.12,9.6,0,Optimal Thermal Comfort,31.63
24.06,56.86,28.56,61.45,24.01,30.51,14.96,4.5,4.59,0,Optimal Thermal Comfort,28.02
27.09,48.18,31.12,79.76,27.39,41.19,15.18,4.03,31.58,0,Optimal Thermal Comfort,31.56
28.89,59.31,30.34,78.01,30.75,38.12,20.14,1.45,18.7,1,High Heat Stress Risk,33.3
32.51,58.15,40.05,57.32,37.69,60.59,23.2,7.54,-0.83,1,High Heat Stress Risk,39.36
30.65,71.75,39.0,81.99,37.17,78.83,24.95,8.35,10.24,1,High Heat Stress Risk,37.46
35.18,78.38,35.51,82.32,56.27,60.54,30.83,0.33,3.94,1,High Heat Stress Risk,40.38
24.08,79.45,25.93,80.34,24.62,27.54,20.3,1.85,0.89,1,High Heat Stress Risk,28.79
30.31,54.97,33.87,53.42,32.41,39.29,20.23,3.56,-1.55,1,High Heat Stress Risk,35.66
27.7,59.38,29.68,71.13,28.96,34.53,19.05,1.98,11.75,0,Optimal Thermal Comfort,32.2
35.32,40.96,40.68,44.35,38.12,52.9,20.02,5.36,3.39,1,High Heat Stress Risk,42.1
23.93,51.93,26.45,67.69,23.73,27.84,13.44,2.52,15.76,0,Optimal Thermal Comfort,27.95
23.81,74.06,32.99,90.01,24.18,53.5,18.9,9.18,15.95,0,Optimal Thermal Comfort,30.3
24.72,82.19,31.66,99.0,25.39,51.85,21.47,6.94,16.81,1,High Heat Stress Risk,28.39
18.93,46.57,23.62,48.68,18.09,23.31,7.23,4.69,2.11,0,Optimal Thermal Comfort,22.09
25.0,54.59,31.56,66.66,24.98,38.05,15.2,6.56,12.07,0,Optimal Thermal Comfort,29.64
24.12,61.67,30.86,74.91,24.2,38.73,16.29,6.74,13.24,0,Optimal Thermal Comfort,29.08
27.57,65.5,30.47,70.45,29.38,36.33,20.51,2.9,4.95,0,Optimal Thermal Comfort,33.09
28.3,51.88,30.62,54.59,28.98,32.88,17.45,2.32,2.71,0,Optimal Thermal Comfort,32.87
34.13,67.3,38.51,87.87,45.88,82.16,27.18,4.38,20.57,1,High Heat Stress Risk,38.84
30.61,56.08,36.79,66.28,33.17,54.75,20.84,6.18,10.2,1,High Heat Stress Risk,36.76
24.81,61.82,29.33,75.09,24.96,34.54,16.98,4.52,13.27,0,Optimal Thermal Comfort,29.78
23.59,68.83,24.16,71.16,23.8,24.49,17.52,0.57,2.33,0,Optimal Thermal Comfort,25.76
28.87,62.08,31.22,61.44,31.13,35.7,20.87,2.35,-0.64,1,High Heat Stress Risk,33.55
21.98,56.55,26.01,60.77,21.71,26.25,12.94,4.03,4.22,0,Optimal Thermal Comfort,24.69
33.96,60.63,37.99,68.2,42.33,61.03,25.25,4.03,7.57,1,High Heat Stress Risk,39.16
31.48,60.9,40.22,61.41,36.14,64.79,23.0,8.74,0.51,1,High Heat Stress Risk,36.84
25.22,57.37,26.23,65.8,25.3,26.63,16.18,1.01,8.43,0,Optimal Thermal Comfort,29.76
20.49,58.77,25.85,54.6,20.13,25.92,12.14,5.36,-4.17,0,Optimal Thermal Comfort,24.46
32.14,81.98,39.77,82.08,45.76,83.49,28.66,7.63,0.1,1,High Heat Stress Risk,37.14
26.56,69.01,35.99,82.54,28.08,63.07,20.4,9.43,13.53,0,Optimal Thermal Comfort,32.62
31.7,58.31,34.97,71.33,35.91,51.0,22.49,3.27,13.02,1,High Heat Stress Risk,35.87
20.94,70.71,26.27,76.27,20.94,28.0,15.41,5.33,5.56,0,Optimal Thermal Comfort,25.13
24.72,57.83,30.23,58.69,24.76,33.0,15.84,5.51,0.86,0,Optimal Thermal Comfort,28.64
27.02,76.66,31.67,77.46,29.47,42.18,22.56,4.65,0.8,1,High Heat Stress Risk,31.5
27.18,66.62,31.15,72.32,28.86,38.74,20.42,3.97,5.7,0,Optimal Thermal Comfort,32.23
25.29,60.66,30.49,73.99,25.46,37.38,17.13,5.2,13.33,0,Optimal Thermal Comfort,30.25
29.37,67.6,27.74,83.06,33.07,31.89,22.74,-1.63,15.46,1,High Heat Stress Risk,34.53
22.94,42.36,28.71,47.14,22.4,28.98,9.46,5.77,4.78,0,Optimal Thermal Comfort,27.18
26.46,47.92,30.95,47.76,26.41,32.11,14.52,4.49,-0.16,0,Optimal Thermal Comfort,31.33
27.46,47.08,31.15,57.58,27.66,34.56,15.16,3.69,10.5,0,Optimal Thermal Comfort,31.8
28.95,63.79,37.86,66.11,31.54,58.87,21.38,8.91,2.32,1,High Heat Stress Risk,34.77
29.7,83.66,32.35,88.27,37.75,49.63,26.63,2.65,4.61,1,High Heat Stress Risk,34.88
22.73,89.89,26.0,99.0,23.41,28.38,20.98,3.27,9.11,1,High Heat Stress Risk,26.56
21.17,69.98,29.95,84.68,21.17,38.87,15.47,8.78,14.7,0,Optimal Thermal Comfort,24.31
31.86,68.26,34.14,77.95,39.39,51.59,25.27,2.28,9.69,1,High Heat Stress Risk,37.23
28.26,39.49,31.2,38.45,27.86,30.95,13.16,2.94,-1.04,0,Optimal Thermal Comfort,33.21
24.16,55.22,28.02,65.3,24.07,30.1,14.6,3.86,10.08,0,Optimal Thermal Comfort,27.85
32.89,52.15,39.03,68.62,36.69,65.98,21.76,6.14,16.47,1,High Heat Stress Risk,37.78
27.44,54.24,32.12,59.92,28.17,37.33,17.36,4.68,5.68,0,Optimal Thermal Comfort,33.36
31.48,59.9,32.71,78.53,35.86,46.32,22.73,1.23,18.63,1,High Heat Stress Risk,36.76
27.26,56.1,30.23,74.29,28.11,36.74,17.73,2.97,18.19,0,Optimal Thermal Comfort,31.62
34.83,37.26,37.63,58.24,36.14,52.48,18.07,2.8,20.98,1,High Heat Stress Risk,39.62
33.67,71.35,37.69,82.14,46.31,71.6,27.75,4.02,10.79,1,High Heat Stress Risk,38.71
26.05,48.59,31.23,61.5,25.98,35.74,14.36,5.18,12.91,0,Optimal Thermal Comfort,31.71
30.69,64.99,35.85,84.1,35.42,63.58,23.34,5.16,19.11,1,High Heat Stress Risk,36.17
29.45,87.93,29.57,99.0,38.1,41.9,27.23,0.12,11.07,1,High Heat Stress Risk,33.47
32.2,50.51,38.85,55.25,34.86,54.64,20.6,6.65,4.74,1,High Heat Stress Risk,38.41
23.33,30.37,28.11,35.51,22.51,27.47,4.94,4.78,5.14,0,Optimal Thermal Comfort,26.94
29.61,58.42,36.99,68.71,31.82,57.24,20.57,7.38,10.29,1,High Heat Stress Risk,36.28
31.02,75.76,36.24,74.58,39.48,58.28,26.22,5.22,-1.18,1,High Heat Stress Risk,37.47
20.32,86.48,27.05,93.9,20.67,31.31,17.99,6.73,7.42,1,High Heat Stress Risk,24.03
22.5,46.63,27.78,63.35,22.02,29.48,10.5,5.28,16.72,0,Optimal Thermal Comfort,26.2
19.25,68.21,26.55,60.27,19.01,27.55,13.24,7.3,-7.94,0,Optimal Thermal Comfort,21.27
25.98,56.18,31.38,76.19,26.1,40.76,16.56,5.4,20.01,0,Optimal Thermal Comfort,29.58
29.73,60.68,33.7,77.59,32.45,49.63,21.3,3.97,16.91,1,High Heat Stress Risk,33.78
32.71,95.05,42.14,99.0,55.05,124.33,31.81,9.43,3.95,1,High Heat Stress Risk,39.13
27.28,43.21,33.53,55.79,27.26,39.32,13.67,6.25,12.58,0,Optimal Thermal Comfort,32.06
33.19,65.17,38.71,73.7,42.02,69.06,25.75,5.52,8.53,1,High Heat Stress Risk,37.99
21.76,67.85,23.02,85.57,21.76,23.61,15.55,1.26,17.72,0,Optimal Thermal Comfort,25.0
20.53,75.57,21.76,91.44,20.61,22.38,16.06,1.23,15.87,1,High Heat Stress Risk,24.17
26.79,63.22,31.66,61.22,28.03,36.64,19.2,4.87,-2.0,0,Optimal Thermal Comfort,31.93
28.46,65.85,32.99,78.76,30.96,47.49,21.44,4.53,12.91,1,High Heat Stress Risk,31.98
26.88,57.1,29.66,64.06,27.74,32.97,17.66,2.78,6.96,0,Optimal Thermal Comfort,31.23
19.14,65.36,23.67,74.49,18.82,24.04,12.48,4.53,9.13,0,Optimal Thermal Comfort,21.65
26.66,57.71,34.52,60.75,27.53,43.99,17.62,7.86,3.04,0,Optimal Thermal Comfort,32.51
22.04,69.77,27.84,91.38,22.12,33.47,16.26,5.8,21.61,0,Optimal Thermal Comfort,26.8
29.54,57.38,31.12,73.68,31.52,39.1,20.21,1.58,16.3,1,High Heat Stress Risk,33.53
28.39,66.71,32.34,69.67,30.95,41.29,21.59,3.95,2.96,1,High Heat Stress Risk,32.67
23.43,61.63,25.78,60.12,23.44,25.98,15.63,2.35,-1.51,0,Optimal Thermal Comfort,26.95
25.05,76.08,28.36,81.68,25.6,33.32,20.53,3.31,5.6,1,High Heat Stress Risk,27.61
22.97,61.36,26.22,73.12,22.92,27.76,15.13,3.25,11.76,0,Optimal Thermal Comfort,27.15
26.76,39.84,29.86,50.14,26.53,30.87,11.96,3.1,10.3,0,Optimal Thermal Comfort,31.03
30.63,77.77,31.94,95.67,38.94,51.53,26.29,1.31,17.9,1,High Heat Stress Risk,36.15
23.25,50.68,27.16,65.1,22.95,28.7,12.44,3.91,14.42,0,Optimal Thermal Comfort,26.5
28.92,53.83,31.83,69.6,30.03,39.77,18.61,2.91,15.77,1,High Heat Stress Risk,33.23
24.99,54.55,22.45,65.51,24.97,22.46,15.18,-2.54,10.96,0,Optimal Thermal Comfort,27.23
23.99,79.18,32.91,77.26,24.51,46.46,20.15,8.92,-1.92,1,High Heat Stress Risk,28.17
26.59,35.3,33.3,42.34,26.23,34.81,9.99,6.71,7.04,0,Optimal Thermal Comfort,30.7
23.07,98.0,26.4,99.0,23.99,29.67,22.74,3.33,1.0,1,High Heat Stress Risk,27.78
24.9,75.2,29.14,83.31,25.41,35.9,20.2,4.24,8.11,1,High Heat Stress Risk,28.75
22.45,64.79,23.95,77.06,22.44,24.41,15.49,1.5,12.27,0,Optimal Thermal Comfort,26.14
34.47,61.31,42.57,67.42,44.1,82.25,25.92,8.1,6.11,1,High Heat Stress Risk,40.57
27.13,65.57,35.7,66.35,28.69,50.75,20.11,8.57,0.78,0,Optimal Thermal Comfort,31.53
24.34,68.51,28.9,76.09,24.62,33.66,18.16,4.56,7.58,0,Optimal Thermal Comfort,28.55
27.81,70.07,34.37,80.88,30.31,54.32,21.84,6.56,10.81,1,High Heat Stress Risk,33.41
26.57,68.95,31.18,72.53,28.09,38.89,20.39,4.61,3.58,0,Optimal Thermal Comfort,30.34
26.16,63.12,27.29,69.85,26.48,29.34,18.58,1.13,6.73,0,Optimal Thermal Comfort,30.86
29.33,59.53,32.59,60.99,31.52,38.83,20.61,3.26,1.46,1,High Heat Stress Risk,33.58
29.88,60.11,34.38,77.0,32.63,52.02,21.29,4.5,16.89,1,High Heat Stress Risk,34.67
24.98,59.56,28.14,65.86,25.09,30.38,16.55,3.16,6.3,0,Optimal Thermal Comfort,29.6
24.81,76.17,28.51,95.57,25.34,36.63,20.32,3.7,19.4,1,High Heat Stress Risk,28.59
25.95,69.42,29.94,89.39,26.41,40.3,19.91,3.99,19.97,0,Optimal Thermal Comfort,30.47
18.25,25.25,22.27,33.14,16.79,21.42,-1.98,4.02,7.89,0,Optimal Thermal Comfort,21.35
21.24,70.2,25.56,71.14,21.25,26.03,15.59,4.32,0.94,0,Optimal Thermal Comfort,25.17
32.19,64.43,33.95,57.29,38.97,40.94,24.61,1.76,-7.14,1,High Heat Stress Risk,35.5
33.25,61.77,35.8,59.23,40.84,47.09,24.9,2.55,-2.54,1,High Heat Stress Risk,37.25
26.05,57.14,27.3,55.34,26.2,28.1,16.9,1.25,-1.8,0,Optimal Thermal Comfort,30.61
29.19,76.05,35.64,94.89,34.39,71.3,24.52,6.45,18.84,1,High Heat Stress Risk,35.31
28.18,73.84,27.54,83.21,31.58,31.39,23.06,-0.64,9.37,1,High Heat Stress Risk,31.63
38.7,52.34,45.55,63.76,52.17,93.76,27.15,6.85,11.42,1,High Heat Stress Risk,45.35
31.25,67.09,38.64,58.93,37.38,56.53,24.4,7.39,-8.16,1,High Heat Stress Risk,37.27
26.51,49.85,30.02,49.37,26.52,30.98,15.18,3.51,-0.48,0,Optimal Thermal Comfort,31.53
23.37,44.75,21.58,59.91,22.93,21.36,10.67,-1.79,15.16,0,Optimal Thermal Comfort,25.09
20.9,54.17,24.26,64.82,20.46,24.43,11.28,3.36,10.65,0,Optimal Thermal Comfort,23.87
27.77,72.78,31.83,80.18,30.57,43.83,22.43,4.06,7.4,1,High Heat Stress Risk,32.3
24.13,73.91,26.0,86.65,24.53,27.91,19.18,1.87,12.74,0,Optimal Thermal Comfort,28.56
21.6,68.41,24.61,89.18,21.6,25.46,15.53,3.01,20.77,0,Optimal Thermal Comfort,27.17
24.54,71.06,32.26,77.91,24.91,44.4,18.94,7.72,6.85,0,Optimal Thermal Comfort,29.21
22.89,68.45,28.62,77.47,23.02,33.22,16.77,5.73,9.02,0,Optimal Thermal Comfort,26.13
33.41,53.98,35.48,63.93,38.41,48.6,22.8,2.07,9.95,1,High Heat Stress Risk,39.03
30.35,67.4,30.88,93.84,35.24,45.75,23.62,0.53,26.44,1,High Heat Stress Risk,35.97
26.97,72.01,30.42,64.76,28.97,34.75,21.48,3.45,-7.25,0,Optimal Thermal Comfort,31.61
32.62,71.43,36.33,85.05,42.86,66.84,26.76,3.71,13.62,1,High Heat Stress Risk,37.39
27.29,76.86,32.64,84.5,30.05,48.96,22.86,5.35,7.64,1,High Heat Stress Risk,32.9
23.73,70.85,26.7,83.6,24.01,29.37,18.12,2.97,12.75,0,Optimal Thermal Comfort,28.23
32.79,66.39,38.16,69.96,41.35,63.2,25.68,5.37,3.57,1,High Heat Stress Risk,37.74
29.05,75.38,37.7,83.51,33.9,72.94,24.24,8.65,8.13,1,High Heat Stress Risk,34.99
23.06,61.67,29.13,75.5,23.03,34.12,15.29,6.07,13.83,0,Optimal Thermal Comfort,28.18
26.28,50.98,30.37,82.82,26.29,39.71,15.32,4.09,31.84,0,Optimal Thermal Comfort,31.72
23.67,59.96,27.45,74.52,23.66,30.13,15.43,3.78,14.56,0,Optimal Thermal Comfort,27.74
21.75,52.69,25.13,54.83,21.36,25.13,11.65,3.38,2.14,0,Optimal Thermal Comfort,25.25
30.52,53.56,37.43,58.88,32.5,52.2,20.01,6.91,5.32,1,High Heat Stress Risk,37.05
34.26,60.19,37.01,65.29,42.99,54.92,25.41,2.75,5.1,1,High Heat Stress Risk,38.9
21.69,52.09,25.99,47.13,21.27,25.88,11.42,4.3,-4.96,0,Optimal Thermal Comfort,25.92
29.14,58.15,33.46,64.17,30.98,42.39,20.06,4.32,6.02,1,High Heat Stress Risk,33.13
24.53,38.33,27.57,52.33,24.04,28.17,9.39,3.04,14.0,0,Optimal Thermal Comfort,29.46
25.15,64.67,26.19,63.61,25.41,26.53,18.01,1.04,-1.06,0,Optimal Thermal Comfort,28.88
24.75,62.02,29.69,78.38,24.9,36.31,16.97,4.94,16.36,0,Optimal Thermal Comfort,30.15
23.72,51.79,27.78,63.94,23.5,29.55,13.21,4.06,12.15,0,Optimal Thermal Comfort,28.26
27.18,70.24,32.53,73.23,29.19,43.33,21.28,5.35,2.99,0,Optimal Thermal Comfort,31.14
23.84,73.72,26.82,81.16,24.2,29.44,18.86,2.98,7.44,0,Optimal Thermal Comfort,28.93
28.03,41.91,35.04,62.39,27.82,46.36,13.87,7.01,20.48,0,Optimal Thermal Comfort,34.45
26.81,52.47,28.99,66.47,27.38,32.07,16.26,2.18,14.0,0,Optimal Thermal Comfort,31.82
26.09,52.39,34.23,60.95,26.12,43.23,15.57,8.14,8.56,0,Optimal Thermal Comfort,30.65
23.55,50.25,23.73,56.97,23.27,23.65,12.59,0.18,6.72,0,Optimal Thermal Comfort,26.88
24.81,72.37,30.01,81.44,25.24,38.11,19.49,5.2,9.07,0,Optimal Thermal Comfort,29.42
29.87,59.58,35.16,64.24,32.51,47.71,21.13,5.29,4.66,1,High Heat Stress Risk,34.62
28.9,58.69,31.27,51.41,30.67,33.37,19.98,2.37,-7.28,1,High Heat Stress Risk,34.86
23.29,36.95,28.46,60.77,22.64,30.25,7.75,5.17,23.82,0,Optimal Thermal Comfort,27.67
27.38,69.94,34.52,79.61,29.51,54.18,21.4,7.14,9.67,0,Optimal Thermal Comfort,30.53
29.86,46.51,28.96,58.0,30.34,30.67,17.14,-0.9,11.49,1,High Heat Stress Risk,34.46
20.66,62.75,26.01,70.81,20.42,26.52,13.3,5.35,8.06,0,Optimal Thermal Comfort,24.3
29.06,65.47,27.53,68.45,32.04,29.62,21.91,-1.53,2.98,1,High Heat Stress Risk,33.13
24.48,79.01,26.46,86.11,25.05,28.98,20.59,1.98,7.1,1,High Heat Stress Risk,28.17
29.17,45.64,37.12,42.14,29.36,42.37,16.22,7.95,-3.5,1,High Heat Stress Risk,35.34
24.1,24.26,26.96,49.83,23.2,27.37,2.41,2.86,25.57,0,Optimal Thermal Comfort,28.98
20.14,64.3,21.64,63.54,19.89,21.52,13.18,1.5,-0.76,0,Optimal Thermal Comfort,23.6
20.82,84.51,24.56,85.27,21.16,25.3,18.11,3.74,0.76,1,High Heat Stress Risk,24.25
27.18,77.49,36.14,82.68,29.89,63.93,22.89,8.96,5.19,1,High Heat Stress Risk,32.57
27.99,64.62,27.97,82.78,29.97,32.46,20.69,-0.02,18.16,0,Optimal Thermal Comfort,32.2
23.56,55.85,25.35,64.46,23.43,25.62,14.22,1.79,8.61,0,Optimal Thermal Comfort,26.76
29.43,72.09,37.07,71.32,34.14,59.49,23.86,7.64,-0.77,1,High Heat Stress Risk,35.42
20.69,49.83,29.16,67.74,20.12,32.65,9.84,8.47,17.91,0,Optimal Thermal Comfort,25.41
26.75,67.95,30.71,81.94,28.3,40.57,20.33,3.96,13.99,0,Optimal Thermal Comfort,32.51
22.4,68.32,23.75,80.86,22.48,24.29,16.27,1.35,12.54,0,Optimal Thermal Comfort,26.9
24.52,75.25,33.54,89.12,24.99,55.61,19.84,9.02,13.87,1,High Heat Stress Risk,29.04
27.18,96.5,35.05,99.0,32.05,71.17,26.57,7.87,2.5,1,High Heat Stress Risk,33.05
23.73,66.91,29.49,91.79,23.91,39.34,17.21,5.76,24.88,0,Optimal Thermal Comfort,27.44
25.54,55.64,27.87,58.99,25.6,29.15,16.0,2.33,3.35,0,Optimal Thermal Comfort,30.24
30.82,61.68,34.91,82.36,34.88,57.72,22.59,4.09,20.68,1,High Heat Stress Risk,35.67
24.81,39.89,28.64,51.26,24.39,29.34,10.24,3.83,11.37,0,Optimal Thermal Comfort,28.34
30.18,53.32,35.14,65.56,31.89,48.35,19.62,4.96,12.24,1,High Heat Stress Risk,35.66
22.71,56.88,30.24,52.69,22.52,31.87,13.71,7.53,-4.19,0,Optimal Thermal Comfort,25.24
29.01,55.45,35.24,62.67,30.38,47.14,19.17,6.23,7.22,1,High Heat Stress Risk,32.98
32.48,63.9,34.2,66.31,39.55,45.63,24.74,1.72,2.41,1,High Heat Stress Risk,37.48
17.61,51.72,24.97,66.43,16.78,25.26,7.55,7.36,14.71,0,Optimal Thermal Comfort,21.42
23.97,76.01,28.89,92.55,24.41,37.32,19.47,4.92,16.54,1,High Heat Stress Risk,28.03
29.19,62.0,34.97,54.94,31.69,42.64,21.15,5.78,-7.06,1,High Heat Stress Risk,33.25
26.23,61.88,33.8,70.22,26.52,46.21,18.33,7.57,8.34,0,Optimal Thermal Comfort,30.69
28.41,57.9,30.05,74.82,29.81,36.39,19.31,1.64,16.92,0,Optimal Thermal Comfort,33.21
24.7,63.94,28.82,71.04,24.9,32.52,17.41,4.12,7.1,0,Optimal Thermal Comfort,29.46
27.33,72.31,30.31,86.28,29.66,40.64,21.9,2.98,13.97,0,Optimal Thermal Comfort,31.86
26.41,51.16,27.0,62.29,26.44,28.25,15.49,0.59,11.13,0,Optimal Thermal Comfort,31.33
31.44,53.77,36.44,64.84,34.22,52.5,20.92,5.0,11.07,1,High Heat Stress Risk,37.2
27.97,58.2,37.94,64.67,29.21,58.1,18.98,9.97,6.47,0,Optimal Thermal Comfort,33.1
28.28,45.18,28.25,44.55,28.33,28.24,15.26,-0.03,-0.63,0,Optimal Thermal Comfort,32.31
25.43,51.76,29.56,51.85,25.38,30.68,14.77,4.13,0.09,0,Optimal Thermal Comfort,28.81
25.15,56.05,30.82,69.87,25.18,37.08,15.75,5.67,13.82,0,Optimal Thermal Comfort,29.69
25.36,72.93,29.84,81.58,25.86,37.62,20.14,4.48,8.65,0,Optimal Thermal Comfort,30.67
28.5,65.28,32.44,72.74,30.95,42.83,21.34,3.94,7.46,1,High Heat Stress Risk,33.88
25.4,64.42,26.61,69.74,25.68,28.2,18.19,1.21,5.32,0,Optimal Thermal Comfort,30.44
28.1,72.64,32.84,78.85,31.23,46.96,22.71,4.74,6.21,1,High Heat Stress Risk,32.8
34.89,60.28,37.35,76.63,44.86,64.99,26.03,2.46,16.35,1,High Heat Stress Risk,41.5
30.31,66.88,29.47,72.87,35.02,34.4,23.45,-0.84,5.99,1,High Heat Stress Risk,34.59
25.76,60.71,32.71,59.15,25.98,38.5,17.58,6.95,-1.56,0,Optimal Thermal Comfort,31.77
31.56,65.32,37.97,79.39,37.63,70.55,24.24,6.41,14.07,1,High Heat Stress Risk,37.24
25.45,54.72,29.77,61.68,25.48,32.72,15.66,4.32,6.96,0,Optimal Thermal Comfort,30.45
19.26,31.51,23.98,40.25,18.06,23.48,1.94,4.72,8.74,0,Optimal Thermal Comfort,23.96
23.17,60.32,29.84,80.88,23.12,37.42,15.05,6.67,20.56,0,Optimal Thermal Comfort,27.5
19.89,79.78,24.61,88.13,20.02,25.43,16.29,4.72,8.35,1,High Heat Stress Risk,23.75
25.66,73.58,31.94,84.25,26.2,46.0,20.58,6.28,10.67,0,Optimal Thermal Comfort,31.42
27.07,74.07,30.59,73.73,29.34,37.58,22.04,3.52,-0.34,0,Optimal Thermal Comfort,31.56
33.37,77.45,40.59,84.3,48.28,91.3,28.87,7.22,6.85,1,High Heat Stress Risk,38.47
28.24,63.11,33.18,76.18,30.2,46.93,20.54,4.94,13.07,1,High Heat Stress Risk,34.82
26.17,64.47,30.81,61.3,26.53,34.76,18.93,4.64,-3.17,0,Optimal Thermal Comfort,30.44
30.15,54.28,31.43,64.29,32.01,36.99,19.88,1.28,10.01,1,High Heat Stress Risk,34.98
18.6,58.05,23.46,67.31,18.03,23.62,10.18,4.86,9.26,0,Optimal Thermal Comfort,22.99
27.9,69.7,30.18,78.51,30.44,37.79,21.84,2.28,8.81,1,High Heat Stress Risk,31.97
29.93,77.05,32.66,93.33,36.65,53.8,25.46,2.73,16.28,1,High Heat Stress Risk,34.07
21.38,60.26,23.71,71.27,21.15,24.0,13.35,2.33,11.01,0,Optimal Thermal Comfort,25.13
31.35,56.37,33.09,75.96,34.67,46.49,21.61,1.74,19.59,1,High Heat Stress Risk,34.97
28.29,62.01,37.37,63.05,30.14,54.75,20.3,9.08,1.04,1,High Heat Stress Risk,33.68
25.42,69.52,32.68,79.03,25.83,46.44,19.43,7.26,9.51,0,Optimal Thermal Comfort,30.51
29.4,43.95,38.02,53.09,29.44,50.5,15.84,8.62,9.14,1,High Heat Stress Risk,34.9
35.63,33.3,37.02,33.78,36.42,38.97,16.98,1.39,0.48,1,High Heat Stress Risk,40.03
27.69,55.12,32.05,70.79,28.54,40.85,17.85,4.36,15.67,0,Optimal Thermal Comfort,33.69
27.94,46.74,29.17,72.68,28.11,33.64,15.48,1.23,25.94,0,Optimal Thermal Comfort,32.39
25.25,55.65,27.85,64.02,25.28,29.67,15.74,2.6,8.37,0,Optimal Thermal Comfort,30.5
23.77,60.15,25.86,72.44,23.77,26.39,15.57,2.09,12.29,0,Optimal Thermal Comfort,27.45
30.16,56.33,37.21,65.47,32.41,55.82,20.49,7.05,9.14,1,High Heat Stress Risk,35.08
23.75,80.16,27.04,83.3,24.27,30.15,20.12,3.29,3.14,1,High Heat Stress Risk,28.01
27.27,66.08,33.93,60.93,28.95,42.37,20.37,6.66,-5.15,0,Optimal Thermal Comfort,32.2
25.18,65.76,30.77,68.96,25.47,36.69,18.31,5.59,3.2,0,Optimal Thermal Comfort,28.91
28.82,69.78,38.32,67.84,32.3,62.16,22.74,9.5,-1.94,1,High Heat Stress Risk,35.67
28.27,47.76,29.07,69.05,28.55,32.7,16.12,0.8,21.29,0,Optimal Thermal Comfort,32.16
30.94,74.99,38.04,82.63,38.99,74.0,25.97,7.1,7.64,1,High Heat Stress Risk,35.27
25.06,61.05,31.9,66.96,25.22,39.06,17.01,6.84,5.91,0,Optimal Thermal Comfort,30.84
25.97,70.38,27.94,85.55,26.46,32.82,20.15,1.97,15.17,0,Optimal Thermal Comfort,29.78
23.28,48.6,29.8,48.69,22.93,30.56,11.83,6.52,0.09,0,Optimal Thermal Comfort,27.29
25.31,42.58,30.28,45.33,25.01,30.74,11.67,4.97,2.75,0,Optimal Thermal Comfort,28.53
28.43,72.22,32.11,81.23,31.87,45.31,22.93,3.68,9.01,1,High Heat Stress Risk,34.55
29.88,66.71,32.18,82.92,34.0,46.34,23.0,2.3,16.21,1,High Heat Stress Risk,33.74
23.5,50.72,26.04,62.99,23.23,26.34,12.68,2.54,12.27,0,Optimal Thermal Comfort,27.45
30.3,51.13,39.22,61.49,31.69,60.74,19.06,8.92,10.36,1,High Heat Stress Risk,36.87
32.15,76.07,36.35,85.15,43.24,67.03,27.38,4.2,9.08,1,High Heat Stress Risk,37.92
28.57,47.13,34.57,58.63,28.82,43.17,16.18,6.0,11.5,0,Optimal Thermal Comfort,33.71
34.13,82.53,36.51,92.55,54.28,74.49,30.72,2.38,10.02,1,High Heat Stress Risk,38.33
24.06,50.74,26.47,51.52,23.85,26.52,13.21,2.41,0.78,0,Optimal Thermal Comfort,27.42
22.27,69.98,28.96,78.83,22.38,34.38,16.52,6.69,8.85,0,Optimal Thermal Comfort,26.75
20.24,57.89,21.34,58.34,19.83,21.05,11.67,1.1,0.45,0,Optimal Thermal Comfort,22.85
32.68,69.54,35.93,78.65,42.28,59.84,26.36,3.25,9.11,1,High Heat Stress Risk,38.22
29.49,55.2,33.76,60.09,31.09,41.56,19.54,4.27,4.89,1,High Heat Stress Risk,35.07
26.79,59.97,31.24,87.51,27.82,44.63,18.35,4.45,27.54,0,Optimal Thermal Comfort,32.2
28.06,62.51,31.85,70.71,29.83,40.23,20.21,3.79,8.2,0,Optimal Thermal Comfort,31.92
22.72,49.47,27.83,47.44,22.34,28.05,11.59,5.11,-2.03,0,Optimal Thermal Comfort,28.54
36.29,71.26,42.09,78.75,56.16,93.79,30.23,5.8,7.49,1,High Heat Stress Risk,43.18
27.49,55.58,33.38,67.98,28.34,43.79,17.8,5.89,12.4,0,Optimal Thermal Comfort,32.5
27.42,59.14,29.35,80.19,28.55,35.78,18.72,1.93,21.05,0,Optimal Thermal Comfort,32.64
29.76,49.57,33.3,53.65,30.64,38.05,18.07,3.54,4.08,1,High Heat Stress Risk,36.53
28.83,29.97,35.78,26.6,27.73,35.07,9.49,6.95,-3.37,0,Optimal Thermal Comfort,33.12
27.85,59.61,34.11,74.24,29.19,49.39,19.25,6.26,14.63,0,Optimal Thermal Comfort,32.8
24.0,92.16,25.04,90.3,24.86,25.96,22.64,1.04,-1.86,1,High Heat Stress Risk,25.97
28.79,71.81,33.8,77.04,32.59,49.73,23.18,5.01,5.23,1,High Heat Stress Risk,34.0
34.15,61.76,33.8,68.33,43.36,45.3,25.74,-0.35,6.57,1,High Heat Stress Risk,39.49
32.11,58.71,36.42,66.69,36.94,53.62,22.99,4.31,7.98,1,High Heat Stress Risk,37.54
33.05,62.28,41.62,75.95,40.49,87.31,24.85,8.57,13.67,1,High Heat Stress Risk,38.8
25.06,68.84,27.08,72.21,25.42,29.19,18.93,2.02,3.37,0,Optimal Thermal Comfort,27.58
23.24,47.24,25.52,53.69,22.85,25.53,11.37,2.28,6.45,0,Optimal Thermal Comfort,27.35
26.52,75.93,32.48,84.32,28.44,48.21,21.92,5.96,8.39,1,High Heat Stress Risk,32.48
27.21,70.94,27.86,80.56,29.3,31.83,21.47,0.65,9.62,0,Optimal Thermal Comfort,30.95
31.16,70.98,33.9,80.21,38.34,51.91,25.26,2.74,9.23,1,High Heat Stress Risk,36.58
20.57,67.48,26.14,79.25,20.44,27.9,14.33,5.57,11.77,0,Optimal Thermal Comfort,23.31
32.81,62.25,35.55,77.07,39.84,57.01,24.62,2.74,14.82,1,High Heat Stress Risk,38.49
26.4,70.41,30.06,81.86,27.91,38.39,20.57,3.66,11.45,0,Optimal Thermal Comfort,30.61
25.38,69.4,31.29,81.3,25.79,42.35,19.36,5.91,11.9,0,Optimal Thermal Comfort,29.5
23.15,57.57,28.32,54.21,23.02,29.26,14.31,5.17,-3.36,0,Optimal Thermal Comfort,26.83
20.71,54.83,25.53,63.71,20.27,25.8,11.29,4.82,8.88,0,Optimal Thermal Comfort,24.24
30.13,63.27,33.55,75.37,33.78,47.89,22.36,3.42,12.1,1,High Heat Stress Risk,35.45
27.28,81.36,32.33,95.33,30.52,53.29,23.8,5.05,13.97,1,High Heat Stress Risk,31.15
22.1,46.51,26.01,49.82,21.58,25.97,10.1,3.91,3.31,0,Optimal Thermal Comfort,25.7
22.08,43.66,27.33,47.21,21.48,27.55,9.13,5.25,3.55,0,Optimal Thermal Comfort,26.15
25.72,64.06,28.78,68.25,26.02,31.95,18.4,3.06,4.19,0,Optimal Thermal Comfort,29.21
33.34,62.64,37.12,75.16,41.43,62.69,25.22,3.78,12.52,1,High Heat Stress Risk,40.26
26.01,64.17,27.94,80.42,26.34,32.01,18.7,1.93,16.25,0,Optimal Thermal Comfort,29.56
21.29,65.05,25.41,70.49,21.17,25.85,14.45,4.12,5.44,0,Optimal Thermal Comfort,24.6
26.07,59.21,28.4,74.52,26.28,32.18,17.48,2.33,15.31,0,Optimal Thermal Comfort,29.6
25.96,80.62,27.6,90.05,27.61,32.51,22.36,1.64,9.43,1,High Heat Stress Risk,31.45
16.75,41.99,21.55,49.56,15.58,21.05,3.76,4.8,7.57,0,Optimal Thermal Comfort,20.4
26.79,51.64,31.48,58.56,27.32,35.5,15.99,4.69,6.92,0,Optimal Thermal Comfort,30.81
26.12,60.71,32.12,74.81,26.37,42.63,17.92,6.0,14.1,0,Optimal Thermal Comfort,31.77
29.65,41.46,32.85,52.4,29.45,36.68,15.15,3.2,10.94,1,High Heat Stress Risk,34.73
34.03,59.8,39.16,85.37,42.18,83.46,25.09,5.13,25.57,1,High Heat Stress Risk,40.1
31.28,82.77,36.75,84.88,42.88,68.96,27.99,5.47,2.11,1,High Heat Stress Risk,36.53
25.98,62.26,31.2,74.65,26.26,39.66,18.19,5.22,12.39,0,Optimal Thermal Comfort,30.1
22.8,64.88,25.1,69.41,22.83,25.48,15.84,2.3,4.53,0,Optimal Thermal Comfort,26.82
36.78,46.25,41.32,48.23,43.39,57.8,23.32,4.54,1.98,1,High Heat Stress Risk,42.57
27.23,54.3,32.26,62.71,27.94,38.57,17.19,5.03,8.41,0,Optimal Thermal Comfort,33.43
27.05,57.31,31.27,66.84,27.95,37.35,17.87,4.22,9.53,0,Optimal Thermal Comfort,30.79
26.91,58.03,26.31,88.41,27.84,28.75,17.94,-0.6,30.38,0,Optimal Thermal Comfort,32.01
27.75,78.02,32.32,85.14,31.21,47.95,23.56,4.57,7.12,1,High Heat Stress Risk,32.51
26.45,68.97,35.74,68.99,27.91,52.5,20.28,9.29,0.02,0,Optimal Thermal Comfort,32.04
24.82,48.11,28.19,58.65,24.61,29.58,13.09,3.37,10.54,0,Optimal Thermal Comfort,29.67
24.92,65.08,27.45,58.02,25.17,28.5,17.9,2.53,-7.06,0,Optimal Thermal Comfort,28.56
26.88,68.23,31.93,76.04,28.52,42.49,20.52,5.05,7.81,0,Optimal Thermal Comfort,32.32
24.93,76.25,29.85,84.87,25.47,38.59,20.45,4.92,8.62,1,High Heat Stress Risk,27.38
24.29,81.76,31.23,96.22,24.91,48.38,20.97,6.94,14.46,1,High Heat Stress Risk,28.43
27.4,49.31,28.71,65.11,27.76,31.31,15.82,1.31,15.8,0,Optimal Thermal Comfort,31.01
26.03,51.86,31.91,56.59,26.04,35.89,15.35,5.88,4.73,0,Optimal Thermal Comfort,29.88
32.72,46.28,38.27,53.65,34.76,51.64,19.66,5.55,7.37,1,High Heat Stress Risk,38.3
16.93,59.07,20.8,61.83,16.22,20.55,8.88,3.87,2.76,0,Optimal Thermal Comfort,20.34
31.15,67.83,36.13,67.87,37.34,53.28,24.48,4.98,0.04,1,High Heat Stress Risk,37.1
31.74,74.34,38.3,85.17,41.22,78.03,26.6,6.56,10.83,1,High Heat Stress Risk,37.67
19.12,61.05,25.33,60.0,18.68,25.49,11.43,6.21,-1.05,0,Optimal Thermal Comfort,22.42
25.7,58.0,27.27,63.39,25.84,28.72,16.8,1.57,5.39,0,Optimal Thermal Comfort,30.07
25.59,63.9,31.67,64.93,25.87,37.79,18.24,6.08,1.03,0,Optimal Thermal Comfort,30.43
21.65,51.56,25.7,64.18,21.22,26.0,11.23,4.05,12.62,0,Optimal Thermal Comfort,26.21
24.04,88.12,28.41,99.0,24.8,37.03,21.95,4.37,10.88,1,High Heat Stress Risk,28.88
22.78,41.9,27.15,40.64,22.21,27.01,9.15,4.37,-1.26,0,Optimal Thermal Comfort,26.88
33.66,64.31,37.51,58.91,43.04,52.5,25.97,3.85,-5.4,1,High Heat Stress Risk,38.61
30.56,87.3,37.5,94.86,41.91,83.11,28.2,6.94,7.56,1,High Heat Stress Risk,35.7
31.83,62.08,35.84,70.7,37.3,53.97,23.65,4.01,8.62,1,High Heat Stress Risk,36.79
29.74,59.62,31.37,69.76,32.27,38.53,21.02,1.63,10.14,1,High Heat Stress Risk,34.21
22.71,57.53,26.0,62.68,22.54,26.29,13.89,3.29,5.15,0,Optimal Thermal Comfort,26.81
25.01,59.75,29.62,66.74,25.13,33.43,16.63,4.61,6.99,0,Optimal Thermal Comfort,29.99
28.86,79.16,35.89,90.42,34.18,68.94,24.88,7.03,11.26,1,High Heat Stress Risk,34.21
22.36,34.35,27.94,50.65,21.55,28.44,5.87,5.58,16.3,0,Optimal Thermal Comfort,26.56
29.71,81.17,31.95,75.01,37.1,42.15,26.12,2.24,-6.16,1,High Heat Stress Risk,34.61
26.09,44.2,36.0,49.93,25.91,43.11,12.94,9.91,5.73,0,Optimal Thermal Comfort,31.1
25.58,58.67,30.38,68.77,25.73,35.66,16.87,4.8,10.1,0,Optimal Thermal Comfort,29.44
29.7,56.63,36.84,58.25,31.67,49.85,20.15,7.14,1.62,1,High Heat Stress Risk,33.91
28.69,69.36,32.54,90.84,31.95,51.84,22.51,3.85,21.48,1,High Heat Stress Risk,33.05
25.63,42.02,31.06,45.76,25.35,31.92,11.76,5.43,3.74,0,Optimal Thermal Comfort,30.64
31.41,67.78,37.54,75.97,38.01,65.35,24.72,6.13,8.19,1,High Heat Stress Risk,36.51
22.89,87.3,29.89,99.0,23.51,43.33,20.66,7.0,11.7,1,High Heat Stress Risk,27.2
29.34,44.96,35.97,49.03,29.49,42.63,16.14,6.63,4.07,1,High Heat Stress Risk,35.09
29.25,64.37,35.46,59.02,32.22,45.95,21.82,6.21,-5.35,1,High Heat Stress Risk,34.96
25.82,53.73,29.3,59.01,25.86,31.39,15.71,3.48,5.28,0,Optimal Thermal Comfort,29.41
28.24,67.32,31.12,83.54,30.76,42.6,21.59,2.88,16.22,1,High Heat Stress Risk,33.66
22.25,62.24,27.21,68.21,22.16,29.05,14.67,4.96,5.97,0,Optimal Thermal Comfort,27.18
30.51,53.98,36.86,56.13,32.57,48.68,20.12,6.35,2.15,1,High Heat Stress Risk,35.19
26.3,68.1,29.99,83.54,27.64,38.67,19.93,3.69,15.44,0,Optimal Thermal Comfort,30.18
25.01,84.55,31.66,90.57,25.77,47.73,22.22,6.65,6.02,1,High Heat Stress Risk,30.65
30.99,59.61,38.53,64.29,34.73,60.19,22.19,7.54,4.68,1,High Heat Stress Risk,36.66
24.32,71.0,26.42,80.62,24.66,28.54,18.71,2.1,9.62,0,Optimal Thermal Comfort,26.62
21.65,45.83,23.92,60.11,21.07,23.94,9.47,2.27,14.28,0,Optimal Thermal Comfort,24.19
21.08,50.04,24.96,76.41,20.55,25.51,10.26,3.88,26.37,0,Optimal Thermal Comfort,24.64
29.3,67.91,34.21,82.61,32.98,54.69,22.74,4.91,14.7,1,High Heat Stress Risk,33.56
22.13,80.55,25.13,97.75,22.5,26.25,18.62,3.0,17.2,1,High Heat Stress Risk,25.59
33.67,66.45,40.98,71.15,44.01,78.11,26.53,7.31,4.7,1,High Heat Stress Risk,39.84
19.09,58.09,24.26,58.89,18.57,24.28,10.65,5.17,0.8,0,Optimal Thermal Comfort,23.83
33.45,61.99,37.74,70.96,41.47,62.14,25.15,4.29,8.97,1,High Heat Stress Risk,38.89
27.8,46.37,28.7,55.67,27.94,29.96,15.23,0.9,9.3,0,Optimal Thermal Comfort,32.91
26.63,69.56,27.81,69.97,28.22,30.3,20.59,1.18,0.41,0,Optimal Thermal Comfort,31.87
24.93,73.03,29.78,80.21,25.39,37.06,19.75,4.85,7.18,0,Optimal Thermal Comfort,30.47
28.52,56.35,27.81,67.84,29.78,30.04,18.97,-0.71,11.49,0,Optimal Thermal Comfort,32.91
26.86,56.12,33.39,67.33,27.65,43.53,17.36,6.53,11.21,0,Optimal Thermal Comfort,30.4
31.19,65.32,35.03,77.61,36.71,55.11,23.89,3.84,12.29,1,High Heat Stress Risk,36.79
27.43,56.54,39.09,67.22,28.35,65.02,18.01,11.66,10.68,0,Optimal Thermal Comfort,34.08
27.57,61.17,37.08,65.87,28.95,55.59,19.4,9.51,4.7,0,Optimal Thermal Comfort,33.07
25.62,88.25,29.4,92.89,26.54,39.32,23.53,3.78,4.64,1,High Heat Stress Risk,31.34
26.78,58.91,30.74,58.42,27.74,33.94,18.06,3.96,-0.49,0,Optimal Thermal Comfort,32.04
28.17,57.52,34.66,79.41,29.42,54.66,18.98,6.49,21.89,0,Optimal Thermal Comfort,33.8
20.5,53.91,28.62,62.51,20.01,30.76,10.84,8.12,8.6,0,Optimal Thermal Comfort,25.61
21.88,71.3,22.31,78.12,21.99,22.64,16.44,0.43,6.82,0,Optimal Thermal Comfort,25.48
29.82,59.73,29.92,61.27,32.44,32.93,21.13,0.1,1.54,1,High Heat Stress Risk,32.44
27.65,53.88,30.42,84.4,28.39,40.4,17.45,2.77,30.52,0,Optimal Thermal Comfort,31.84
26.3,78.52,31.84,78.97,28.18,43.37,22.26,5.54,0.45,1,High Heat Stress Risk,31.97
27.07,79.75,32.41,85.03,29.87,48.27,23.26,5.34,5.28,1,High Heat Stress Risk,31.33
28.32,54.49,34.98,66.11,29.29,48.11,18.25,6.66,11.62,0,Optimal Thermal Comfort,33.4
24.95,38.67,26.39,51.67,24.51,26.43,9.9,1.44,13.0,0,Optimal Thermal Comfort,28.12
24.04,74.59,22.92,90.28,24.45,23.62,19.24,-1.12,15.69,0,Optimal Thermal Comfort,28.82
27.74,53.44,33.92,75.5,28.46,49.36,17.4,6.18,22.06,0,Optimal Thermal Comfort,34.09
23.28,71.88,25.58,84.18,23.54,26.39,17.91,2.3,12.3,0,Optimal Thermal Comfort,26.45
28.55,37.37,28.11,37.95,27.97,27.62,12.57,-0.44,0.58,0,Optimal Thermal Comfort,32.88
20.53,73.16,25.06,79.73,20.55,25.7,15.55,4.53,6.57,0,Optimal Thermal Comfort,23.78
30.91,46.86,36.94,57.67,31.89,49.83,18.22,6.03,10.81,1,High Heat Stress Risk,36.91
28.8,71.13,32.72,95.15,32.49,55.16,23.03,3.92,24.02,1,High Heat Stress Risk,34.09
27.97,62.18,31.12,60.19,29.65,35.15,20.04,3.15,-1.99,0,Optimal Thermal Comfort,33.25
30.73,50.08,34.57,67.6,32.19,47.5,19.12,3.84,17.52,1,High Heat Stress Risk,36.16
33.33,56.91,36.68,66.76,39.24,54.65,23.6,3.35,9.85,1,High Heat Stress Risk,41.03
30.85,70.58,31.95,85.36,37.37,46.55,24.87,1.1,14.78,1,High Heat Stress Risk,34.87
20.0,63.32,22.56,71.06,19.71,22.73,12.81,2.56,7.74,0,Optimal Thermal Comfort,22.1
22.14,69.31,27.54,71.49,22.22,29.97,16.25,5.4,2.18,0,Optimal Thermal Comfort,25.98
24.63,86.71,29.57,99.0,25.41,41.9,22.26,4.94,12.29,1,High Heat Stress Risk,27.89
27.1,42.45,31.69,55.86,27.07,35.23,13.23,4.59,13.41,0,Optimal Thermal Comfort,30.73
28.97,82.22,30.88,98.01,35.14,47.53,25.62,1.91,15.79,1,High Heat Stress Risk,32.85
24.24,63.3,28.02,71.7,24.37,30.94,16.81,3.78,8.4,0,Optimal Thermal Comfort,27.75
27.71,50.77,26.9,54.77,28.19,27.61,16.57,-0.81,4.0,0,Optimal Thermal Comfort,31.03
24.13,45.37,28.74,42.18,23.78,28.54,11.57,4.61,-3.19,0,Optimal Thermal Comfort,28.83
24.68,59.64,32.16,74.28,24.76,42.55,16.29,7.48,14.64,0,Optimal Thermal Comfort,29.12
21.65,73.52,22.46,85.2,21.79,22.99,16.71,0.81,11.68,0,Optimal Thermal Comfort,24.88
23.49,60.41,26.34,61.66,23.47,26.64,15.37,2.85,1.25,0,Optimal Thermal Comfort,28.11
21.86,80.89,26.82,85.35,22.21,29.81,18.43,4.96,4.46,1,High Heat Stress Risk,25.31
23.29,43.86,30.37,48.86,22.82,31.42,10.3,7.08,5.0,0,Optimal Thermal Comfort,27.65
31.0,61.85,34.17,59.23,35.32,42.32,22.81,3.17,-2.62,1,High Heat Stress Risk,36.4
23.39,46.35,26.0,48.71,22.99,25.93,11.22,2.61,2.36,0,Optimal Thermal Comfort,25.83
37.0,66.55,36.67,66.54,55.75,54.47,29.71,-0.33,-0.01,1,High Heat Stress Risk,40.71
28.87,73.09,33.31,78.49,33.01,48.58,23.55,4.44,5.4,1,High Heat Stress Risk,34.13
27.7,56.74,36.6,59.7,28.7,49.92,18.32,8.9,2.96,0,Optimal Thermal Comfort,33.56
23.74,29.45,28.58,25.74,22.94,27.34,4.86,4.84,-3.71,0,Optimal Thermal Comfort,29.58
29.66,64.49,33.81,88.16,33.06,56.31,22.23,4.15,23.67,1,High Heat Stress Risk,34.85
24.81,67.46,29.75,85.35,25.11,38.39,18.36,4.94,17.89,0,Optimal Thermal Comfort,29.89
27.46,67.05,31.64,69.71,29.35,39.27,20.79,4.18,2.66,0,Optimal Thermal Comfort,32.06
36.73,77.45,39.06,87.99,62.68,85.79,32.12,2.33,10.54,1,High Heat Stress Risk,42.81
26.63,48.61,32.73,60.24,26.62,38.92,14.9,6.1,11.63,0,Optimal Thermal Comfort,32.79
31.37,70.5,36.09,87.94,38.77,67.96,25.34,4.72,17.44,1,High Heat Stress Risk,35.19
24.33,76.91,28.57,79.27,24.83,33.43,20.01,4.24,2.36,1,High Heat Stress Risk,28.93
26.87,39.77,28.82,56.46,26.65,30.24,12.03,1.95,16.69,0,Optimal Thermal Comfort,32.79
33.73,66.0,40.93,70.39,44.0,77.01,26.47,7.2,4.39,1,High Heat Stress Risk,40.08
24.62,55.7,30.35,54.18,24.59,32.33,15.16,5.73,-1.52,0,Optimal Thermal Comfort,30.41
33.89,60.98,36.82,74.91,42.28,61.11,25.28,2.93,13.93,1,High Heat Stress Risk,38.94
29.69,66.35,36.19,84.53,33.5,65.67,22.73,6.5,18.18,1,High Heat Stress Risk,35.09
24.86,55.91,27.92,83.82,24.86,32.48,15.45,3.06,27.91,0,Optimal Thermal Comfort,29.07
29.4,53.55,31.8,53.06,30.7,34.73,18.97,2.4,-0.49,1,High Heat Stress Risk,32.51
30.7,62.43,33.15,76.17,34.8,46.82,22.68,2.45,13.74,1,High Heat Stress Risk,34.8
29.36,48.41,29.49,53.84,29.93,30.88,17.32,0.13,5.43,1,High Heat Stress Risk,32.96
21.03,48.43,26.32,62.8,20.45,26.65,9.72,5.29,14.37,0,Optimal Thermal Comfort,25.59
24.24,70.49,24.23,67.96,24.56,24.48,18.52,-0.01,-2.53,0,Optimal Thermal Comfort,28.53
26.06,47.64,27.43,46.67,25.97,27.61,14.07,1.37,-0.97,0,Optimal Thermal Comfort,30.42
26.72,70.33,26.14,73.01,28.42,27.63,20.86,-0.58,2.68,0,Optimal Thermal Comfort,31.26
29.36,67.78,33.36,76.87,33.08,47.95,22.77,4.0,9.09,1,High Heat Stress Risk,34.24
27.68,40.43,31.53,44.12,27.42,32.33,13.0,3.85,3.69,0,Optimal Thermal Comfort,33.31
21.93,53.53,25.37,66.97,21.58,25.71,12.06,3.44,13.44,0,Optimal Thermal Comfort,25.74
28.44,76.93,30.25,93.13,32.68,42.78,23.99,1.81,16.2,1,High Heat Stress Risk,33.02
29.32,49.74,30.82,62.73,30.05,35.14,17.72,1.5,12.99,1,High Heat Stress Risk,33.74
29.13,56.19,34.4,76.84,30.67,52.0,19.49,5.27,20.65,1,High Heat Stress Risk,34.8
31.11,67.78,34.04,79.39,37.22,52.02,24.43,2.93,11.61,1,High Heat Stress Risk,35.9
30.17,71.79,35.1,71.17,35.91,51.4,24.5,4.93,-0.62,1,High Heat Stress Risk,36.17
28.74,58.86,30.91,77.58,30.44,39.75,19.88,2.17,18.72,1,High Heat Stress Risk,32.53
26.73,54.53,31.35,58.49,27.42,35.2,16.79,4.62,3.96,0,Optimal Thermal Comfort,30.61
20.69,79.78,27.89,95.11,20.9,34.28,17.07,7.2,15.33,1,High Heat Stress Risk,25.39
28.63,83.74,34.18,99.0,34.47,65.84,25.6,5.55,15.26,1,High Heat Stress Risk,33.69
27.79,74.24,31.04,86.16,30.8,43.31,22.77,3.25,11.92,1,High Heat Stress Risk,32.11
28.03,63.07,32.82,60.35,29.85,39.18,20.33,4.79,-2.72,0,Optimal Thermal Comfort,33.62
22.15,51.9,25.79,53.51,21.78,25.82,11.79,3.64,1.61,0,Optimal Thermal Comfort,25.56
22.89,51.62,27.11,70.04,22.58,29.05,12.39,4.22,18.42,0,Optimal Thermal Comfort,26.81
31.0,68.53,34.45,75.76,37.16,51.57,24.51,3.45,7.23,1,High Heat Stress Risk,37.22
26.85,67.23,30.67,76.33,28.4,38.61,20.25,3.82,9.1,0,Optimal Thermal Comfort,32.6
29.59,79.52,34.28,93.71,36.31,62.5,25.66,4.69,14.19,1,High Heat Stress Risk,35.91
27.11,70.13,29.02,83.85,29.05,35.66,21.18,1.91,13.72,0,Optimal Thermal Comfort,31.25
27.11,43.21,28.98,53.8,27.12,30.12,13.51,1.87,10.59,0,Optimal Thermal Comfort,32.38
30.57,75.15,31.57,82.08,37.95,43.67,25.65,1.0,6.93,1,High Heat Stress Risk,34.59
25.04,49.52,25.56,55.68,24.89,25.63,13.73,0.52,6.16,0,Optimal Thermal Comfort,28.19
27.37,57.2,28.77,72.13,28.33,32.61,18.14,1.4,14.93,0,Optimal Thermal Comfort,29.92
25.24,65.13,29.81,77.78,25.52,36.5,18.21,4.57,12.65,0,Optimal Thermal Comfort,30.97
25.35,86.95,27.5,93.52,26.21,32.7,23.01,2.15,6.57,1,High Heat Stress Risk,28.83
25.83,98.0,31.21,99.0,27.82,49.58,25.49,5.38,1.0,1,High Heat Stress Risk,30.42
27.84,69.58,32.12,77.12,30.31,43.58,21.75,4.28,7.54,1,High Heat Stress Risk,31.98
25.18,59.71,24.85,61.82,25.31,25.0,16.78,-0.33,2.11,0,Optimal Thermal Comfort,29.43
31.77,68.68,37.48,71.49,39.28,61.41,25.28,5.71,2.81,1,High Heat Stress Risk,37.11
23.6,73.1,29.67,74.26,23.92,35.23,18.49,6.07,1.16,0,Optimal Thermal Comfort,27.07
26.29,57.99,28.2,64.45,26.49,30.3,17.35,1.91,6.46,0,Optimal Thermal Comfort,30.85
25.33,84.44,30.5,99.0,26.12,46.14,22.51,5.17,14.56,1,High Heat Stress Risk,28.83
32.5,64.88,34.73,67.34,39.96,47.91,25.02,2.23,2.46,1,High Heat Stress Risk,37.08
27.75,68.22,32.17,78.14,29.98,44.18,21.34,4.42,9.92,0,Optimal Thermal Comfort,31.0
30.92,70.32,32.21,73.9,37.48,42.56,24.87,1.29,3.58,1,High Heat Stress Risk,34.68
21.35,67.27,21.43,73.82,21.3,21.56,15.03,0.08,6.55,0,Optimal Thermal Comfort,24.7
28.01,72.49,31.33,69.66,31.02,38.39,22.59,3.32,-2.83,1,High Heat Stress Risk,31.24
30.38,54.28,34.3,61.13,32.4,43.52,20.09,3.92,6.85,1,High Heat Stress Risk,34.41
27.31,55.02,30.6,62.07,28.08,34.5,17.47,3.29,7.05,0,Optimal Thermal Comfort,31.9
31.05,48.25,32.53,60.8,32.36,38.61,18.81,1.48,12.55,1,High Heat Stress Risk,35.52
25.03,67.49,28.31,77.67,25.35,32.49,18.58,3.28,10.18,0,Optimal Thermal Comfort,30.77
32.36,71.74,37.17,71.25,42.17,59.87,26.59,4.81,-0.49,1,High Heat Stress Risk,39.31
35.74,67.72,39.83,84.35,51.72,86.48,28.82,4.09,16.63,1,High Heat Stress Risk,41.06
25.62,82.93,30.24,93.01,26.4,42.7,22.5,4.62,10.08,1,High Heat Stress Risk,30.57
25.31,61.93,27.97,71.92,25.51,30.86,17.48,2.66,9.99,0,Optimal Thermal Comfort,30.07
32.52,70.36,39.42,78.79,42.11,77.85,26.41,6.9,8.43,1,High Heat Stress Risk,37.98
33.0,48.35,34.5,52.97,35.83,40.63,20.62,1.5,4.62,1,High Heat Stress Risk,37.05
25.01,57.16,30.33,67.29,25.06,35.16,15.93,5.32,10.13,0,Optimal Thermal Comfort,29.55
25.4,70.69,32.32,82.76,25.84,46.82,19.68,6.92,12.07,0,Optimal Thermal Comfort,30.12
25.93,72.61,31.24,68.01,26.47,37.63,20.62,5.31,-4.6,0,Optimal Thermal Comfort,30.29
21.89,58.33,25.63,62.78,21.66,25.89,13.33,3.74,4.45,0,Optimal Thermal Comfort,26.07
23.51,61.11,26.49,67.69,23.51,27.89,15.57,2.98,6.58,0,Optimal Thermal Comfort,26.92
23.18,43.03,29.77,53.45,22.68,31.25,9.91,6.59,10.42,0,Optimal Thermal Comfort,26.78
24.08,57.54,25.01,74.99,24.05,25.52,15.17,0.93,17.45,0,Optimal Thermal Comfort,27.91
26.87,73.13,28.84,75.84,28.88,33.46,21.64,1.97,2.71,0,Optimal Thermal Comfort,31.49
27.89,69.19,31.18,73.96,30.35,39.37,21.71,3.29,4.77,1,High Heat Stress Risk,31.68
32.89,68.26,39.94,72.91,42.39,74.53,26.25,7.05,4.65,1,High Heat Stress Risk,39.58
23.21,62.62,28.28,65.11,23.22,30.53,15.67,5.07,2.49,0,Optimal Thermal Comfort,26.12
30.74,62.09,32.71,67.98,34.81,41.74,22.63,1.97,5.89,1,High Heat Stress Risk,35.21
26.19,53.75,29.67,68.03,26.27,33.82,16.06,3.48,14.28,0,Optimal Thermal Comfort,30.45
26.81,70.74,29.6,71.33,28.59,34.38,21.04,2.79,0.59,0,Optimal Thermal Comfort,30.77
29.56,67.26,32.13,78.97,33.41,44.4,22.83,2.57,11.71,1,High Heat Stress Risk,33.96
22.73,68.15,29.19,63.89,22.84,32.01,16.54,6.46,-4.26,0,Optimal Thermal Comfort,28.51
28.45,55.42,29.5,59.71,29.57,31.85,18.64,1.05,4.29,0,Optimal Thermal Comfort,32.24
27.63,35.08,35.53,41.11,27.07,38.59,10.8,7.9,6.03,0,Optimal Thermal Comfort,34.79
28.87,75.71,34.98,96.78,33.51,68.9,24.14,6.11,21.07,1,High Heat Stress Risk,34.44
28.1,56.01,34.81,62.45,29.16,45.67,18.49,6.71,6.44,0,Optimal Thermal Comfort,33.39
36.33,51.22,39.47,43.21,44.57,48.75,24.61,3.14,-8.01,1,High Heat Stress Risk,42.61
24.58,70.67,28.43,64.18,24.94,30.67,18.89,3.85,-6.49,0,Optimal Thermal Comfort,30.74
24.98,57.1,25.89,65.86,25.02,26.25,15.89,0.91,8.76,0,Optimal Thermal Comfort,28.12
24.63,75.25,27.63,88.35,25.11,32.35,19.95,3.0,13.1,1,High Heat Stress Risk,27.93
24.89,69.71,30.22,81.03,25.25,38.66,18.97,5.33,11.32,0,Optimal Thermal Comfort,28.86
24.58,70.54,31.76,80.3,24.94,43.63,18.86,7.18,9.76,0,Optimal Thermal Comfort,29.37
31.52,44.93,33.17,62.14,32.47,40.76,18.1,1.65,17.21,1,High Heat Stress Risk,35.2
32.4,77.15,35.76,81.6,44.57,61.22,27.87,3.36,4.45,1,High Heat Stress Risk,37.78
24.83,65.27,28.68,80.48,25.07,33.96,17.86,3.85,15.21,0,Optimal Thermal Comfort,30.4
23.84,57.38,24.83,53.64,23.78,24.77,14.9,0.99,-3.74,0,Optimal Thermal Comfort,27.68
28.79,63.79,34.35,65.51,31.25,45.72,21.23,5.56,1.72,1,High Heat Stress Risk,33.72
24.9,39.8,27.44,34.74,24.48,26.92,10.28,2.54,-5.06,0,Optimal Thermal Comfort,28.55
29.41,67.11,33.16,73.55,33.06,45.6,22.65,3.75,6.44,1,High Heat Stress Risk,35.06
27.77,49.13,30.93,57.29,28.12,34.05,16.11,3.16,8.16,0,Optimal Thermal Comfort,31.79
21.24,45.09,23.62,54.45,20.6,23.46,8.85,2.38,9.36,0,Optimal Thermal Comfort,26.17
32.88,42.97,37.06,51.93,34.25,46.96,18.61,4.18,8.96,1,High Heat Stress Risk,39.89
33.82,75.91,37.53,77.45,49.19,66.56,28.96,3.71,1.54,1,High Heat Stress Risk,39.64
24.67,54.13,28.02,61.21,24.61,29.62,14.77,3.35,7.08,0,Optimal Thermal Comfort,28.86
25.53,81.17,28.05,78.44,26.26,31.98,22.06,2.52,-2.73,1,High Heat Stress Risk,30.51
28.09,55.3,33.02,74.03,29.07,45.34,18.27,4.93,18.73,0,Optimal Thermal Comfort,33.86
28.27,40.66,36.27,46.88,27.95,42.43,13.62,8.0,6.22,0,Optimal Thermal Comfort,33.11
29.5,48.04,34.02,52.88,30.07,39.45,17.33,4.52,4.84,1,High Heat Stress Risk,34.21
34.64,77.45,41.13,97.86,53.36,113.98,30.1,6.49,20.41,1,High Heat Stress Risk,39.82
26.33,60.05,27.33,59.23,26.59,28.44,17.94,1.0,-0.82,0,Optimal Thermal Comfort,30.74
23.97,55.15,28.53,55.2,23.86,29.66,14.41,4.56,0.05,0,Optimal Thermal Comfort,28.75
21.76,64.0,23.43,64.28,21.66,23.51,14.64,1.67,0.28,0,Optimal Thermal Comfort,24.26
24.22,68.27,25.03,76.26,24.48,25.58,17.99,0.81,7.99,0,Optimal Thermal Comfort,27.63
26.87,75.97,29.37,87.7,29.11,37.76,22.27,2.5,11.73,1,High Heat Stress Risk,30.27
33.82,80.11,40.76,94.15,51.51,105.62,29.89,6.94,14.04,1,High Heat Stress Risk,39.26
25.03,57.5,31.42,85.29,25.09,44.42,16.04,6.39,27.79,0,Optimal Thermal Comfort,30.16
27.85,45.42,32.61,37.05,27.92,32.62,14.95,4.76,-8.37,0,Optimal Thermal Comfort,32.19
26.94,56.83,27.61,69.9,27.79,29.92,17.64,0.67,13.07,0,Optimal Thermal Comfort,30.86
31.52,65.25,35.26,69.58,37.51,51.06,24.19,3.74,4.33,1,High Heat Stress Risk,35.59
36.6,49.95,41.5,54.05,44.67,63.37,24.44,4.9,4.1,1,High Heat Stress Risk,42.97
24.98,50.04,29.59,53.89,24.84,31.04,13.84,4.61,3.85,0,Optimal Thermal Comfort,29.39
25.14,66.3,25.1,67.98,25.44,25.44,18.4,-0.04,1.68,0,Optimal Thermal Comfort,28.36
30.97,61.39,33.12,82.53,35.13,49.94,22.66,2.15,21.14,1,High Heat Stress Risk,35.8
29.59,62.41,33.64,77.23,32.51,49.2,21.63,4.05,14.82,1,High Heat Stress Risk,34.77
34.02,52.52,39.45,61.19,39.32,61.42,22.91,5.43,8.67,1,High Heat Stress Risk,39.33
29.22,59.12,28.37,77.75,31.27,32.65,20.4,-0.85,18.63,1,High Heat Stress Risk,32.37
25.63,50.45,29.46,47.6,25.57,29.96,14.56,3.83,-2.85,0,Optimal Thermal Comfort,31.4
29.24,73.13,33.77,71.65,33.9,46.81,23.92,4.53,-1.48,1,High Heat Stress Risk,33.83
31.21,74.94,37.37,67.11,39.79,57.62,26.22,6.16,-7.83,1,High Heat Stress Risk,36.74
30.12,38.92,35.91,42.18,29.7,39.74,14.59,5.79,3.26,1,High Heat Stress Risk,36.26
28.93,50.38,34.47,60.09,29.61,43.54,17.56,5.54,9.71,0,Optimal Thermal Comfort,36.75
31.05,43.29,33.41,52.56,31.49,37.94,17.08,2.36,9.27,1,High Heat Stress Risk,35.13
31.44,53.87,31.25,63.49,34.24,36.33,20.95,-0.19,9.62,1,High Heat Stress Risk,36.46
32.25,60.96,35.55,58.87,37.97,46.14,23.74,3.3,-2.09,1,High Heat Stress Risk,37.05
29.47,43.88,35.97,58.4,29.52,47.18,15.88,6.5,14.52,1,High Heat Stress Risk,34.46
26.36,50.48,33.77,60.77,26.37,41.86,15.24,7.41,10.29,0,Optimal Thermal Comfort,30.89
27.56,49.45,33.39,63.45,27.93,41.89,16.01,5.83,14.0,0,Optimal Thermal Comfort,31.72
31.58,64.59,36.77,58.9,37.46,50.0,24.07,5.19,-5.69,1,High Heat Stress Risk,37.06
23.9,62.87,28.97,73.7,23.99,33.36,16.39,5.07,10.83,0,Optimal Thermal Comfort,27.14
28.4,52.98,31.32,52.57,29.23,33.71,17.88,2.92,-0.41,0,Optimal Thermal Comfort,33.81
25.51,64.21,29.41,69.73,25.79,33.59,18.24,3.9,5.52,0,Optimal Thermal Comfort,29.96
27.11,55.17,35.15,67.67,27.87,49.56,17.33,8.04,12.5,0,Optimal Thermal Comfort,32.7
31.86,58.6,33.89,67.79,36.34,45.33,22.72,2.03,9.19,1,High Heat Stress Risk,36.59
27.73,82.92,35.64,85.03,31.84,63.23,24.55,7.91,2.11,1,High Heat Stress Risk,32.8
27.18,78.76,30.64,87.3,30.02,42.22,23.16,3.46,8.54,1,High Heat Stress Risk,31.99
21.83,45.76,29.08,42.77,21.26,28.95,9.61,7.25,-2.99,0,Optimal Thermal Comfort,25.32
29.84,72.37,30.8,89.5,35.21,43.67,24.32,0.96,17.13,1,High Heat Stress Risk,34.19
29.45,72.14,35.0,79.1,34.19,55.95,23.89,5.55,6.96,1,High Heat Stress Risk,34.06
35.22,47.65,37.73,64.54,40.28,57.18,22.4,2.51,16.89,1,High Heat Stress Risk,40.21
25.83,72.23,26.78,76.79,26.35,29.0,20.44,0.95,4.56,0,Optimal Thermal Comfort,28.26
27.83,81.22,32.54,85.8,31.85,49.2,24.3,4.71,4.58,1,High Heat Stress Risk,33.72
27.95,47.97,34.47,50.74,28.22,39.71,15.89,6.52,2.77,0,Optimal Thermal Comfort,32.61
32.99,50.53,35.25,65.6,36.42,48.75,21.33,2.26,15.07,1,High Heat Stress Risk,39.15
26.64,74.72,27.39,77.9,28.58,30.38,21.77,0.75,3.18,0,Optimal Thermal Comfort,31.55
28.06,65.39,32.05,78.73,30.18,44.01,20.95,3.99,13.34,1,High Heat Stress Risk,31.9
29.31,68.89,33.31,74.53,33.19,46.6,22.99,4.0,5.64,1,High Heat Stress Risk,33.49
27.71,66.26,33.17,59.94,29.69,39.93,20.83,5.46,-6.32,0,Optimal Thermal Comfort,34.61
25.3,66.88,31.69,71.11,25.63,39.9,18.69,6.39,4.23,0,Optimal Thermal Comfort,31.37
27.74,45.42,31.8,45.08,27.81,32.94,14.85,4.06,-0.34,0,Optimal Thermal Comfort,32.49
31.08,75.09,39.55,83.85,39.44,84.16,26.13,8.47,8.76,1,High Heat Stress Risk,37.21
23.1,76.62,27.81,76.19,23.47,31.1,18.76,4.71,-0.43,1,High Heat Stress Risk,26.8
27.51,59.13,30.91,74.58,28.67,38.77,18.8,3.4,15.45,0,Optimal Thermal Comfort,32.47
24.34,61.46,24.83,69.27,24.43,25.18,16.44,0.49,7.81,0,Optimal Thermal Comfort,27.53
31.54,42.86,35.14,50.03,32.12,41.02,17.37,3.6,7.17,1,High Heat Stress Risk,35.29
21.21,68.43,24.64,81.85,21.17,25.3,15.16,3.43,13.42,0,Optimal Thermal Comfort,23.91
24.88,69.15,31.28,84.88,25.23,43.72,18.83,6.4,15.73,0,Optimal Thermal Comfort,29.59
28.43,61.22,33.7,69.57,30.26,45.56,20.23,5.27,8.35,1,High Heat Stress Risk,32.64
32.95,76.05,34.44,78.77,46.03,53.32,28.15,1.49,2.72,1,High Heat Stress Risk,38.07
26.75,57.82,31.35,53.02,27.64,33.87,17.74,4.6,-4.8,0,Optimal Thermal Comfort,30.65
24.89,69.06,30.63,72.41,25.24,37.31,18.82,5.74,3.35,0,Optimal Thermal Comfort,28.9
34.15,49.25,41.86,53.13,38.47,63.93,21.97,7.71,3.88,1,High Heat Stress Risk,41.07
21.5,61.71,27.74,71.01,21.32,30.29,13.83,6.24,9.3,0,Optimal Thermal Comfort,25.85
18.64,59.82,24.59,65.73,18.12,24.82,10.67,5.95,5.91,0,Optimal Thermal Comfort,22.32
28.67,64.82,33.01,78.48,31.19,47.43,21.38,4.34,13.66,1,High Heat Stress Risk,34.28
25.09,57.38,30.19,61.28,25.15,33.47,16.07,5.1,3.9,0,Optimal Thermal Comfort,29.98
23.12,60.36,30.19,68.43,23.06,35.11,15.01,7.07,8.07,0,Optimal Thermal Comfort,28.73
29.69,72.33,30.83,89.71,34.83,43.87,24.16,1.14,17.38,1,High Heat Stress Risk,33.97
27.93,56.54,31.32,67.6,28.99,37.72,18.48,3.39,11.06,0,Optimal Thermal Comfort,32.31
24.86,41.92,27.28,49.97,24.5,27.69,11.03,2.42,8.05,0,Optimal Thermal Comfort,27.98
22.13,83.87,27.21,87.86,22.59,31.09,19.27,5.08,3.99,1,High Heat Stress Risk,25.89
30.32,79.27,37.34,83.02,38.44,70.51,26.32,7.02,3.75,1,High Heat Stress Risk,36.64
29.47,45.85,32.3,47.97,29.75,34.42,16.57,2.83,2.12,1,High Heat Stress Risk,35.29
26.62,70.62,25.33,75.06,28.27,25.88,20.83,-1.29,4.44,0,Optimal Thermal Comfort,31.14
34.02,55.71,37.27,69.88,40.5,59.26,23.89,3.25,14.17,1,High Heat Stress Risk,38.26
22.93,65.29,29.23,72.13,22.98,33.67,16.06,6.3,6.84,0,Optimal Thermal Comfort,28.13
21.2,65.68,26.64,64.05,21.09,27.89,14.51,5.44,-1.63,0,Optimal Thermal Comfort,23.82
24.37,59.07,29.56,80.83,24.4,36.56,15.85,5.19,21.76,0,Optimal Thermal Comfort,29.48
26.83,52.2,30.38,63.1,27.39,34.27,16.19,3.55,10.9,0,Optimal Thermal Comfort,31.11
27.92,53.37,29.18,51.32,28.66,30.07,17.55,1.26,-2.05,0,Optimal Thermal Comfort,32.82
26.08,50.55,31.47,55.73,26.06,34.75,15.0,5.39,5.18,0,Optimal Thermal Comfort,29.8
28.34,51.6,30.62,60.93,29.0,34.27,17.4,2.28,9.33,0,Optimal Thermal Comfort,33.81
22.24,61.16,31.47,82.44,22.12,43.45,14.39,9.23,21.28,0,Optimal Thermal Comfort,25.86
32.49,53.05,38.0,53.24,36.12,50.53,21.67,5.51,0.19,1,High Heat Stress Risk,37.69
26.69,70.53,29.55,86.35,28.38,38.0,20.88,2.86,15.82,0,Optimal Thermal Comfort,30.37
31.25,80.59,34.04,99.0,41.94,65.01,27.5,2.79,18.41,1,High Heat Stress Risk,35.04
28.3,54.75,32.29,58.53,29.29,37.3,18.31,3.99,3.78,0,Optimal Thermal Comfort,33.21
28.74,64.99,32.38,71.41,31.35,42.1,21.49,3.64,6.42,1,High Heat Stress Risk,34.95
29.17,68.25,35.93,68.97,32.77,53.22,22.7,6.76,0.72,1,High Heat Stress Risk,36.56
28.7,67.9,33.33,74.87,31.73,46.84,22.17,4.63,6.97,1,High Heat Stress Risk,33.77
29.44,62.95,31.96,71.18,32.33,40.72,21.63,2.52,8.23,1,High Heat Stress Risk,35.07
32.05,71.28,40.6,84.73,41.03,91.9,26.18,8.55,13.45,1,High Heat Stress Risk,38.31
27.75,68.03,32.06,84.7,29.96,46.69,21.3,4.31,16.67,0,Optimal Thermal Comfort,32.93
29.69,46.53,35.66,49.42,30.12,42.03,17.0,5.97,2.89,1,High Heat Stress Risk,34.78
26.66,72.86,29.46,66.61,28.49,33.07,21.38,2.8,-6.25,0,Optimal Thermal Comfort,31.23
32.47,73.09,37.51,81.43,43.07,69.98,27.01,5.04,8.34,1,High Heat Stress Risk,38.5
24.43,52.46,29.35,63.16,24.3,32.19,14.06,4.92,10.7,0,Optimal Thermal Comfort,28.4
33.84,62.47,33.7,72.84,42.77,47.16,25.64,-0.14,10.37,1,High Heat Stress Risk,38.84
26.85,70.54,35.68,76.59,28.65,57.25,21.03,8.83,6.05,0,Optimal Thermal Comfort,32.16
21.56,59.38,28.73,68.82,21.32,31.95,13.3,7.17,9.44,0,Optimal Thermal Comfort,26.49
27.49,75.41,30.77,95.28,30.31,45.86,22.74,3.28,19.87,1,High Heat Stress Risk,31.31
24.41,91.55,26.08,99.0,25.3,28.63,22.94,1.67,7.45,1,High Heat Stress Risk,28.28
30.19,52.18,35.19,57.87,31.7,44.59,19.28,5.0,5.69,1,High Heat Stress Risk,36.9
24.52,44.74,28.92,49.49,24.2,29.5,11.71,4.4,4.75,0,Optimal Thermal Comfort,29.73
25.3,65.8,30.32,73.02,25.6,36.64,18.43,5.02,7.22,0,Optimal Thermal Comfort,30.86
19.82,71.02,24.46,91.8,19.71,25.36,14.41,4.64,20.78,0,Optimal Thermal Comfort,23.51
25.28,59.11,30.65,66.24,25.41,35.65,16.71,5.37,7.13,0,Optimal Thermal Comfort,30.12
17.79,80.17,25.32,88.52,17.72,26.22,14.32,7.53,8.35,1,High Heat Stress Risk,22.34
20.98,45.27,26.49,50.15,20.32,26.5,8.68,5.51,4.88,0,Optimal Thermal Comfort,26.12
29.89,70.66,31.68,87.4,34.93,46.37,23.97,1.79,16.74,1,High Heat Stress Risk,33.18
29.99,54.43,37.32,77.63,31.77,65.68,19.78,7.33,23.2,1,High Heat Stress Risk,34.6
28.62,83.49,36.59,95.37,34.39,77.67,25.54,7.97,11.88,1,High Heat Stress Risk,35.09
23.33,86.91,34.78,96.03,23.99,67.1,21.02,11.45,9.12,1,High Heat Stress Risk,28.34
26.82,52.42,28.43,61.19,27.39,30.26,16.25,1.61,8.77,0,Optimal Thermal Comfort,30.58
26.99,55.13,31.74,45.75,27.73,32.98,17.2,4.75,-9.38,0,Optimal Thermal Comfort,30.81
22.6,72.74,22.01,86.83,22.81,22.53,17.45,-0.59,14.09,0,Optimal Thermal Comfort,25.49
32.71,57.16,38.19,66.67,37.84,60.66,23.1,5.48,9.51,1,High Heat Stress Risk,37.39
30.33,61.43,33.27,73.14,33.79,45.79,22.07,2.94,11.71,1,High Heat Stress Risk,36.89
26.16,62.32,34.78,65.48,26.46,47.1,18.38,8.62,3.16,0,Optimal Thermal Comfort,31.36
27.1,38.0,29.52,43.62,26.84,29.55,11.54,2.42,5.62,0,Optimal Thermal Comfort,31.48
27.79,61.83,28.11,67.24,29.34,30.51,19.78,0.32,5.41,0,Optimal Thermal Comfort,32.45
19.24,53.38,22.36,69.54,18.61,22.47,9.53,3.12,16.16,0,Optimal Thermal Comfort,23.32
26.06,55.84,25.72,61.5,26.18,25.95,16.54,-0.34,5.66,0,Optimal Thermal Comfort,30.63
24.41,80.05,30.34,99.0,25.0,45.39,20.74,5.93,18.95,1,High Heat Stress Risk,29.77
23.19,46.29,22.64,58.03,22.77,22.47,11.02,-0.55,11.74,0,Optimal Thermal Comfort,26.11
25.93,72.17,30.2,71.1,26.46,35.81,20.52,4.27,-1.07,0,Optimal Thermal Comfort,30.24
33.83,58.51,33.25,66.05,41.11,42.56,24.53,-0.58,7.54,1,High Heat Stress Risk,39.39
29.44,58.5,32.9,62.12,31.54,40.03,20.43,3.46,3.62,1,High Heat Stress Risk,33.98
24.83,71.88,32.81,63.92,25.25,40.46,19.4,7.98,-7.96,0,Optimal Thermal Comfort,29.75
29.18,66.25,34.21,86.75,32.42,57.34,22.22,5.03,20.5,1,High Heat Stress Risk,34.61
32.32,69.13,34.53,82.91,41.03,56.33,25.92,2.21,13.78,1,High Heat Stress Risk,38.09
30.51,74.1,34.64,86.6,37.47,59.34,25.36,4.13,12.5,1,High Heat Stress Risk,34.37
27.23,57.86,31.47,67.6,28.21,38.11,18.19,4.24,9.74,0,Optimal Thermal Comfort,32.49
24.54,54.35,29.83,52.48,24.47,31.19,14.71,5.29,-1.87,0,Optimal Thermal Comfort,28.84
29.65,48.44,30.71,53.31,30.32,32.78,17.6,1.06,4.87,1,High Heat Stress Risk,34.79
28.5,51.68,34.06,66.5,29.21,45.27,17.57,5.56,14.82,0,Optimal Thermal Comfort,34.19
30.4,98.0,28.38,99.0,45.28,36.91,30.05,-2.02,1.0,1,High Heat Stress Risk,35.86
29.41,77.56,32.16,67.07,35.32,39.81,25.07,2.75,-10.49,1,High Heat Stress Risk,35.25
30.99,45.11,34.07,51.91,31.7,39.21,17.68,3.08,6.8,1,High Heat Stress Risk,37.11
24.97,45.47,30.62,52.91,24.71,32.55,12.36,5.65,7.44,0,Optimal Thermal Comfort,30.65
32.01,68.02,36.26,77.54,39.73,60.55,25.35,4.25,9.52,1,High Heat Stress Risk,37.67
27.75,68.84,28.72,82.8,30.05,34.54,21.49,0.97,13.96,1,High Heat Stress Risk,32.08
34.89,68.86,36.82,82.14,49.3,66.97,28.3,1.93,13.28,1,High Heat Stress Risk,41.07
24.38,58.81,29.04,69.25,24.41,32.68,15.79,4.66,10.44,0,Optimal Thermal Comfort,29.29
33.6,60.43,37.61,77.9,41.26,67.36,24.86,4.01,17.47,1,High Heat Stress Risk,39.01
27.75,66.1,30.62,63.21,29.74,34.82,20.83,2.87,-2.89,0,Optimal Thermal Comfort,32.65
24.52,63.07,27.62,75.36,24.67,30.58,17.02,3.1,12.29,0,Optimal Thermal Comfort,28.64
25.16,34.26,30.96,47.46,24.63,32.07,8.29,5.8,13.2,0,Optimal Thermal Comfort,29.16
25.78,59.13,28.79,58.33,25.96,30.45,17.18,3.01,-0.8,0,Optimal Thermal Comfort,31.07
28.61,51.36,32.61,48.59,29.32,35.15,17.58,4.0,-2.77,0,Optimal Thermal Comfort,33.54
28.99,64.19,38.18,67.1,31.69,60.96,21.52,9.19,2.91,1,High Heat Stress Risk,36.25
24.82,98.0,25.75,99.0,25.92,27.59,24.48,0.93,1.0,1,High Heat Stress Risk,27.46
26.91,66.59,26.85,80.74,28.44,29.47,20.15,-0.06,14.15,0,Optimal Thermal Comfort,30.52
35.14,58.08,41.14,61.97,44.54,69.31,25.63,6.0,3.89,1,High Heat Stress Risk,41.34
33.56,73.52,36.2,75.6,47.0,58.84,28.16,2.64,2.08,1,High Heat Stress Risk,39.84
28.66,68.03,32.13,71.95,31.68,41.53,22.16,3.47,3.92,1,High Heat Stress Risk,33.78
27.14,67.25,29.55,84.14,28.85,37.4,20.53,2.41,16.89,0,Optimal Thermal Comfort,31.81
27.46,69.59,31.06,78.18,29.61,40.43,21.39,3.6,8.59,0,Optimal Thermal Comfort,31.27
29.33,87.71,37.21,94.86,37.62,81.19,27.07,7.88,7.15,1,High Heat Stress Risk,34.04
23.11,47.86,29.16,55.54,22.73,30.62,11.45,6.05,7.68,0,Optimal Thermal Comfort,27.73
26.02,67.92,32.21,86.11,26.45,47.96,19.63,6.19,18.19,0,Optimal Thermal Comfort,29.83
20.66,50.42,21.6,53.3,20.1,21.21,9.99,0.94,2.88,0,Optimal Thermal Comfort,23.5
28.52,68.94,30.07,87.31,31.54,40.11,22.25,1.55,18.37,1,High Heat Stress Risk,33.41
29.46,50.52,27.13,60.6,30.35,28.29,18.09,-2.33,10.08,1,High Heat Stress Risk,32.79
25.16,56.78,27.5,64.08,25.21,29.12,15.97,2.34,7.3,0,Optimal Thermal Comfort,30.49
32.98,58.31,39.38,85.57,38.87,85.06,23.68,6.4,27.26,1,High Heat Stress Risk,39.8
22.34,74.2,27.73,74.78,22.57,30.74,17.52,5.39,0.58,0,Optimal Thermal Comfort,25.32
21.44,73.48,25.13,79.33,21.56,25.77,16.5,3.69,5.85,0,Optimal Thermal Comfort,24.51
27.85,46.43,32.0,45.69,27.99,33.39,15.29,4.15,-0.74,0,Optimal Thermal Comfort,30.94
30.98,62.69,33.59,78.33,35.49,49.6,23.01,2.61,15.64,1,High Heat Stress Risk,35.43
33.4,53.13,38.07,74.3,38.11,66.48,22.53,4.67,21.17,1,High Heat Stress Risk,39.69
25.26,46.27,31.22,67.29,25.05,37.36,12.89,5.96,21.02,0,Optimal Thermal Comfort,29.63
31.1,59.29,31.58,76.97,34.88,41.69,22.2,0.48,17.68,1,High Heat Stress Risk,36.18
26.85,58.14,31.74,65.16,27.77,38.04,17.92,4.89,7.02,0,Optimal Thermal Comfort,30.47
26.34,92.33,32.69,98.09,29.06,56.75,24.99,6.35,5.76,1,High Heat Stress Risk,31.84
30.36,67.41,33.6,63.38,35.27,42.47,23.63,3.24,-4.03,1,High Heat Stress Risk,34.98
29.48,44.78,35.29,68.55,29.63,50.56,16.2,5.81,23.77,1,High Heat Stress Risk,34.78
21.01,54.94,31.68,66.96,20.6,38.46,11.6,10.67,12.02,0,Optimal Thermal Comfort,25.69
32.61,74.77,36.57,79.58,44.26,63.6,27.53,3.96,4.81,1,High Heat Stress Risk,37.14
32.24,88.11,37.35,99.0,49.07,86.53,30.01,5.11,10.89,1,High Heat Stress Risk,36.98
24.62,42.18,27.13,43.38,24.24,27.14,10.91,2.51,1.2,0,Optimal Thermal Comfort,29.42
28.5,38.5,33.12,50.05,28.0,36.55,12.98,4.62,11.55,0,Optimal Thermal Comfort,33.77
28.88,85.39,34.14,92.59,35.58,60.94,26.17,5.26,7.2,1,High Heat Stress Risk,34.79
27.99,66.87,32.64,80.16,30.24,46.83,21.25,4.65,13.29,1,High Heat Stress Risk,33.13
24.91,51.15,26.76,59.17,24.79,27.73,14.11,1.85,8.02,0,Optimal Thermal Comfort,29.03
24.45,68.68,29.12,66.3,24.74,32.3,18.31,4.67,-2.38,0,Optimal Thermal Comfort,27.52
26.9,29.05,34.47,38.12,26.4,35.75,7.37,7.57,9.07,0,Optimal Thermal Comfort,31.87
31.46,62.04,36.69,78.41,36.41,63.25,23.29,5.23,16.37,1,High Heat Stress Risk,36.94
29.07,66.1,35.48,74.38,32.17,54.91,22.08,6.41,8.28,1,High Heat Stress Risk,35.86
25.59,73.55,29.25,87.87,26.13,37.39,20.5,3.66,14.32,0,Optimal Thermal Comfort,30.49
29.93,49.33,35.86,49.98,30.84,42.77,18.14,5.93,0.65,1,High Heat Stress Risk,36.46
16.18,63.07,21.02,71.37,15.5,21.04,9.14,4.84,8.3,0,Optimal Thermal Comfort,19.78
31.37,50.43,33.38,54.25,33.33,38.43,19.81,2.01,3.82,1,High Heat Stress Risk,35.84
20.39,65.19,25.32,79.29,20.19,25.98,13.63,4.93,14.1,0,Optimal Thermal Comfort,24.28
25.62,50.81,27.54,59.54,25.56,28.75,14.66,1.92,8.73,0,Optimal Thermal Comfort,29.93
22.75,56.9,25.49,70.57,22.57,25.94,13.75,2.74,13.67,0,Optimal Thermal Comfort,25.87
22.08,49.55,26.72,66.21,21.64,28.13,11.03,4.64,16.66,0,Optimal Thermal Comfort,25.8
31.41,70.14,36.29,83.83,38.77,65.62,25.3,4.88,13.69,1,High Heat Stress Risk,36.7
25.22,72.73,26.69,83.28,25.7,29.32,19.97,1.47,10.55,0,Optimal Thermal Comfort,30.43
28.32,59.07,34.94,60.08,29.82,44.91,19.54,6.62,1.01,0,Optimal Thermal Comfort,32.0
26.82,62.48,32.34,70.96,28.02,41.8,19.04,5.52,8.48,0,Optimal Thermal Comfort,32.58
28.81,43.89,31.39,48.39,28.77,32.94,15.28,2.58,4.5,0,Optimal Thermal Comfort,32.82
27.29,58.25,27.96,64.17,28.31,29.86,18.36,0.67,5.92,0,Optimal Thermal Comfort,30.45
22.12,61.37,25.99,67.06,21.99,26.4,14.33,3.87,5.69,0,Optimal Thermal Comfort,26.9
30.79,94.76,33.96,95.91,45.73,62.3,29.85,3.17,1.15,1,High Heat Stress Risk,36.43
25.12,48.1,29.58,41.92,24.94,29.42,13.36,4.46,-6.18,0,Optimal Thermal Comfort,30.5
21.08,80.3,24.45,83.79,21.34,25.14,17.55,3.37,3.49,1,High Heat Stress Risk,25.35
25.37,74.46,24.96,84.41,25.91,25.72,20.49,-0.41,9.95,0,Optimal Thermal Comfort,30.66
32.7,65.51,36.01,63.9,40.75,50.4,25.37,3.31,-1.61,1,High Heat Stress Risk,38.52
30.23,83.98,33.73,92.6,39.61,58.79,27.21,3.5,8.62,1,High Heat Stress Risk,35.17
25.68,66.65,31.33,89.4,26.04,45.79,19.0,5.65,22.75,0,Optimal Thermal Comfort,30.64
25.67,66.86,28.27,83.04,26.04,33.32,19.04,2.6,16.18,0,Optimal Thermal Comfort,30.84
25.78,61.34,33.84,82.16,26.02,52.79,17.77,8.06,20.82,0,Optimal Thermal Comfort,30.27
34.89,77.29,34.69,88.73,54.31,61.1,30.31,-0.2,11.44,1,High Heat Stress Risk,39.6
28.45,75.71,35.67,92.96,32.5,69.82,23.73,7.22,17.25,1,High Heat Stress Risk,33.57
28.63,54.18,32.32,57.25,29.67,36.98,18.45,3.69,3.07,0,Optimal Thermal Comfort,31.9
30.92,45.51,37.09,49.18,31.67,45.6,17.76,6.17,3.67,1,High Heat Stress Risk,36.59
27.91,59.46,32.29,47.42,29.26,34.27,19.27,4.38,-12.04,0,Optimal Thermal Comfort,31.34
26.02,52.0,32.84,69.4,26.04,42.71,15.39,6.82,17.4,0,Optimal Thermal Comfort,30.99
26.25,61.21,29.56,81.26,26.53,36.67,18.17,3.31,20.05,0,Optimal Thermal Comfort,31.33
26.73,77.47,28.4,81.82,28.96,33.45,22.45,1.67,4.35,1,High Heat Stress Risk,30.63
26.86,56.28,34.33,62.88,27.66,44.4,17.41,7.47,6.6,0,Optimal Thermal Comfort,33.27
29.76,61.46,33.7,64.31,32.66,43.16,21.54,3.94,2.85,1,High Heat Stress Risk,33.72
27.2,62.73,31.91,74.1,28.56,41.67,19.46,4.71,11.37,0,Optimal Thermal Comfort,32.88
29.78,72.61,36.82,89.54,35.12,73.55,24.32,7.04,16.93,1,High Heat Stress Risk,35.81
26.69,33.91,28.52,29.34,26.3,27.45,9.47,1.83,-4.57,0,Optimal Thermal Comfort,29.68
27.3,54.42,32.87,65.99,28.03,41.42,17.28,5.57,11.57,0,Optimal Thermal Comfort,34.26
19.41,64.64,22.25,71.07,19.09,22.39,12.57,2.84,6.43,0,Optimal Thermal Comfort,22.7
30.48,77.0,34.38,86.35,38.24,57.9,25.98,3.9,9.35,1,High Heat Stress Risk,34.98
28.32,55.85,32.68,67.79,29.44,41.57,18.64,4.36,11.94,0,Optimal Thermal Comfort,32.17
30.79,38.54,31.54,45.63,30.45,32.63,15.03,0.75,7.09,1,High Heat Stress Risk,35.36
16.0,69.75,18.4,77.47,15.48,18.32,10.47,2.4,7.72,0,Optimal Thermal Comfort,18.66
34.94,54.06,42.24,60.95,42.19,73.28,24.24,7.3,6.89,1,High Heat Stress Risk,41.35
26.47,47.13,32.71,62.91,26.4,39.81,14.27,6.24,15.78,0,Optimal Thermal Comfort,31.15
31.21,54.2,35.27,65.84,33.88,48.95,20.84,4.06,11.64,1,High Heat Stress Risk,36.98
23.05,59.69,27.81,69.85,22.97,30.28,14.77,4.76,10.16,0,Optimal Thermal Comfort,26.93
29.33,54.44,32.85,53.41,30.72,36.98,19.17,3.52,-1.03,1,High Heat Stress Risk,32.81
23.0,34.43,30.32,40.09,22.25,30.08,6.47,7.32,5.66,0,Optimal Thermal Comfort,27.44
24.63,73.21,28.37,88.45,25.06,34.63,19.5,3.74,15.24,0,Optimal Thermal Comfort,27.11
34.27,77.94,39.01,86.72,52.12,84.03,29.85,4.74,8.78,1,High Heat Stress Risk,40.39
26.28,70.14,33.11,83.59,27.71,50.46,20.39,6.83,13.45,0,Optimal Thermal Comfort,30.51
27.83,47.78,30.24,69.53,28.08,35.51,15.72,2.41,21.75,0,Optimal Thermal Comfort,32.49
30.31,59.48,38.09,75.77,33.32,67.87,21.52,7.78,16.29,1,High Heat Stress Risk,37.01
28.88,61.92,29.56,71.12,31.12,34.24,20.83,0.68,9.2,1,High Heat Stress Risk,32.6
27.57,69.48,35.52,74.15,29.8,54.92,21.47,7.95,4.67,0,Optimal Thermal Comfort,33.69
28.39,70.35,31.73,59.7,31.49,36.37,22.46,3.34,-10.65,1,High Heat Stress Risk,32.82
36.13,52.82,39.77,60.06,44.8,61.77,24.95,3.64,7.24,1,High Heat Stress Risk,43.41
26.78,63.02,26.63,69.08,28.01,28.19,19.14,-0.15,6.06,0,Optimal Thermal Comfort,30.5
27.76,67.72,30.92,79.14,29.94,40.31,21.23,3.16,11.42,0,Optimal Thermal Comfort,31.77
30.99,80.2,32.8,87.54,40.91,51.25,27.16,1.81,7.34,1,High Heat Stress Risk,36.43
31.2,70.81,34.0,76.9,38.4,50.43,25.25,2.8,6.09,1,High Heat Stress Risk,35.97
31.51,71.86,35.39,67.02,39.63,50.04,25.8,3.88,-4.84,1,High Heat Stress Risk,36.19
29.43,63.05,35.83,64.5,32.32,50.12,21.65,6.4,1.45,1,High Heat Stress Risk,34.45
22.66,79.63,27.33,91.71,23.06,31.92,18.95,4.67,12.08,1,High Heat Stress Risk,26.73
33.21,67.12,38.11,88.49,42.89,80.33,26.26,4.9,21.37,1,High Heat Stress Risk,39.93
22.64,51.24,24.32,59.0,22.3,24.35,12.05,1.68,7.76,0,Optimal Thermal Comfort,24.84
28.15,79.54,30.32,90.5,32.4,42.13,24.27,2.17,10.96,1,High Heat Stress Risk,32.72
24.13,70.72,32.47,86.37,24.45,49.19,18.47,8.34,15.65,0,Optimal Thermal Comfort,29.47
26.76,56.46,29.27,58.88,27.57,31.31,17.37,2.51,2.42,0,Optimal Thermal Comfort,31.3
28.25,56.01,36.26,67.26,29.36,53.38,18.62,8.01,11.25,0,Optimal Thermal Comfort,34.67
28.22,65.71,31.86,68.65,30.5,39.53,21.18,3.64,2.94,1,High Heat Stress Risk,32.94
28.6,67.79,32.81,82.78,31.52,48.79,22.05,4.21,14.99,1,High Heat Stress Risk,33.38
33.13,64.47,39.79,74.1,41.56,74.97,25.51,6.66,9.63,1,High Heat Stress Risk,39.54
28.72,65.89,35.85,76.63,31.45,58.03,21.7,7.13,10.74,1,High Heat Stress Risk,34.17
26.07,83.25,30.02,85.88,27.93,39.48,23.0,3.95,2.63,1,High Heat Stress Risk,30.28
30.66,75.39,33.97,89.2,38.28,57.77,25.79,3.31,13.81,1,High Heat Stress Risk,36.14
31.52,64.38,35.59,88.52,37.24,65.7,23.96,4.07,24.14,1,High Heat Stress Risk,36.37
22.34,73.77,27.31,74.71,22.56,29.87,17.42,4.97,0.94,0,Optimal Thermal Comfort,25.98
29.27,49.09,35.52,55.05,29.9,44.18,17.46,6.25,5.96,1,High Heat Stress Risk,34.2
29.66,66.97,33.87,77.21,33.57,50.09,22.86,4.21,10.24,1,High Heat Stress Risk,35.76
25.87,84.62,31.49,99.0,27.55,50.99,23.07,5.62,14.38,1,High Heat Stress Risk,28.18
32.23,59.27,40.2,63.58,37.39,66.67,23.25,7.97,4.31,1,High Heat Stress Risk,38.56
26.43,51.4,31.51,38.66,26.47,31.38,15.58,5.08,-12.74,0,Optimal Thermal Comfort,31.18
27.48,53.85,32.39,72.54,28.19,42.59,17.28,4.91,18.69,0,Optimal Thermal Comfort,31.08
26.34,48.38,27.05,62.58,26.29,28.34,14.56,0.71,14.2,0,Optimal Thermal Comfort,30.63
27.06,52.19,25.21,47.62,27.61,25.03,16.4,-1.85,-4.57,0,Optimal Thermal Comfort,31.2
22.83,57.37,27.93,61.31,22.67,29.49,13.96,5.1,3.94,0,Optimal Thermal Comfort,27.46
21.53,44.43,25.51,64.69,20.9,25.81,8.9,3.98,20.26,0,Optimal Thermal Comfort,23.37
33.06,62.2,36.08,81.55,40.49,62.74,24.84,3.02,19.35,1,High Heat Stress Risk,39.5
23.78,73.28,28.54,88.82,24.13,35.25,18.7,4.76,15.54,0,Optimal Thermal Comfort,27.51
23.23,50.65,27.29,57.83,22.93,28.28,12.42,4.06,7.18,0,Optimal Thermal Comfort,27.84
18.82,80.99,25.61,90.11,18.87,26.58,15.48,6.79,9.12,1,High Heat Stress Risk,23.22
24.57,68.38,28.97,75.9,24.87,33.8,18.35,4.4,7.52,0,Optimal Thermal Comfort,28.26
21.97,74.88,24.45,91.84,22.18,25.35,17.3,2.48,16.96,0,Optimal Thermal Comfort,26.13
33.24,53.78,39.72,55.71,37.96,58.07,22.58,6.48,1.93,1,High Heat Stress Risk,38.91
30.84,72.68,34.54,75.14,37.97,51.57,25.35,3.7,2.46,1,High Heat Stress Risk,34.47
24.39,48.35,29.8,64.43,24.15,33.34,12.77,5.41,16.08,0,Optimal Thermal Comfort,29.74
35.56,73.13,38.66,81.3,54.42,76.17,29.98,3.1,8.17,1,High Heat Stress Risk,40.78
30.73,64.15,33.44,82.99,35.3,51.54,23.16,2.71,18.84,1,High Heat Stress Risk,35.11
25.77,68.92,30.16,72.38,26.2,36.04,19.62,4.39,3.46,0,Optimal Thermal Comfort,29.99
17.5,47.31,21.73,55.39,16.54,21.4,6.15,4.23,8.08,0,Optimal Thermal Comfort,20.96
35.71,50.81,41.01,52.39,42.76,60.1,23.91,5.3,1.58,1,High Heat Stress Risk,41.82
21.72,69.47,25.3,78.02,21.76,25.92,15.88,3.58,8.55,0,Optimal Thermal Comfort,25.93
20.75,50.15,20.72,47.56,20.19,20.09,9.99,-0.03,-2.59,0,Optimal Thermal Comfort,22.85
30.89,67.79,34.09,72.63,36.67,48.45,24.23,3.2,4.84,1,High Heat Stress Risk,35.45
36.27,44.91,42.3,42.64,41.59,56.55,22.38,6.03,-2.27,1,High Heat Stress Risk,42.53
32.26,72.6,35.78,86.31,42.2,64.96,26.69,3.52,13.71,1,High Heat Stress Risk,39.05
29.14,46.59,32.78,60.47,29.43,39.13,16.52,3.64,13.88,1,High Heat Stress Risk,33.97
29.26,68.9,35.73,64.43,33.09,49.74,22.95,6.47,-4.47,1,High Heat Stress Risk,35.43
30.24,69.82,32.81,88.32,35.58,51.72,24.1,2.57,18.5,1,High Heat Stress Risk,35.19
29.88,53.29,30.54,80.52,31.4,39.53,19.33,0.66,27.23,1,High Heat Stress Risk,34.1
28.07,69.28,31.9,78.12,30.71,43.23,21.9,3.83,8.84,1,High Heat Stress Risk,32.67
27.4,65.26,30.48,68.95,29.08,35.96,20.29,3.08,3.69,0,Optimal Thermal Comfort,31.85
26.76,55.26,28.74,84.95,27.5,35.06,17.03,1.98,29.69,0,Optimal Thermal Comfort,31.52
24.13,49.39,27.93,48.0,23.89,28.2,12.86,3.8,-1.39,0,Optimal Thermal Comfort,29.35
25.93,37.47,31.26,46.12,25.56,32.29,10.3,5.33,8.65,0,Optimal Thermal Comfort,30.89
20.57,66.37,24.75,76.22,20.42,25.27,14.08,4.18,9.85,0,Optimal Thermal Comfort,25.17
26.63,42.44,31.53,61.03,26.46,36.29,12.81,4.9,18.59,0,Optimal Thermal Comfort,30.64
23.24,63.19,31.61,74.39,23.27,40.83,15.84,8.37,11.2,0,Optimal Thermal Comfort,27.67
22.81,58.71,26.22,63.47,22.68,26.55,14.29,3.41,4.76,0,Optimal Thermal Comfort,26.2
27.68,70.49,32.52,71.86,30.12,42.72,21.81,4.84,1.37,1,High Heat Stress Risk,32.79
32.29,58.22,35.32,64.16,37.2,48.2,23.01,3.03,5.94,1,High Heat Stress Risk,37.32
30.49,57.88,32.74,58.83,33.33,38.46,21.24,2.25,0.95,1,High Heat Stress Risk,35.95
21.03,71.15,23.89,80.01,21.05,24.42,15.6,2.86,8.86,0,Optimal Thermal Comfort,23.92
23.24,66.19,26.34,70.46,23.35,27.82,16.57,3.1,4.27,0,Optimal Thermal Comfort,27.22
30.57,65.95,35.6,63.25,35.39,48.63,23.47,5.03,-2.7,1,High Heat Stress Risk,36.43
23.27,67.87,32.87,85.78,23.42,50.61,16.99,9.6,17.91,0,Optimal Thermal Comfort,26.65
26.15,42.81,28.7,47.57,25.94,29.02,12.51,2.55,4.76,0,Optimal Thermal Comfort,32.05
29.09,71.46,32.33,70.45,33.21,41.57,23.39,3.24,-1.01,1,High Heat Stress Risk,33.73
23.32,69.66,27.38,76.89,23.53,30.25,17.45,4.06,7.23,0,Optimal Thermal Comfort,25.91
27.4,49.29,32.51,58.3,27.76,37.74,15.82,5.11,9.01,0,Optimal Thermal Comfort,32.4
21.93,58.95,26.74,54.35,21.72,27.42,13.53,4.81,-4.6,0,Optimal Thermal Comfort,25.97
24.71,61.51,31.87,72.5,24.84,40.94,16.8,7.16,10.99,0,Optimal Thermal Comfort,29.43
28.22,60.32,26.83,60.97,29.82,27.93,19.79,-1.39,0.65,0,Optimal Thermal Comfort,32.99
20.95,66.17,19.66,87.51,20.83,19.97,14.39,-1.29,21.34,0,Optimal Thermal Comfort,24.46
28.67,79.89,31.73,92.32,33.82,48.87,24.85,3.06,12.43,1,High Heat Stress Risk,33.65
26.93,75.52,33.65,81.02,29.19,51.32,22.23,6.72,5.5,1,High Heat Stress Risk,32.32
29.1,45.6,29.7,48.51,29.27,30.4,16.14,0.6,2.91,1,High Heat Stress Risk,33.48
27.85,69.78,25.13,77.49,30.35,25.72,21.81,-2.72,7.71,1,High Heat Stress Risk,32.95
32.18,78.61,37.7,91.71,44.42,81.11,27.98,5.52,13.1,1,High Heat Stress Risk,36.73
27.48,66.84,32.24,75.14,29.37,43.16,20.75,4.76,8.3,0,Optimal Thermal Comfort,32.42
25.37,75.64,27.06,82.51,25.94,30.12,20.75,1.69,6.87,1,High Heat Stress Risk,29.48
27.46,87.15,29.4,96.09,31.7,40.27,25.13,1.94,8.94,1,High Heat Stress Risk,32.48
29.06,74.8,31.03,78.77,33.8,40.54,24.12,1.97,3.97,1,High Heat Stress Risk,33.08
27.19,65.12,31.64,71.04,28.75,39.73,20.06,4.45,5.92,0,Optimal Thermal Comfort,30.63
27.15,75.06,29.91,67.92,29.58,34.34,22.34,2.76,-7.14,1,High Heat Stress Risk,31.75
24.33,63.81,29.67,79.61,24.48,36.57,17.03,5.34,15.8,0,Optimal Thermal Comfort,28.99
24.48,62.3,22.12,73.04,24.61,22.29,16.79,-2.36,10.74,0,Optimal Thermal Comfort,28.92
21.67,57.61,23.9,60.31,21.4,23.92,12.94,2.23,2.7,0,Optimal Thermal Comfort,24.3
33.65,81.54,35.26,99.0,51.62,72.5,30.04,1.61,17.46,1,High Heat Stress Risk,39.81
22.27,51.77,25.88,60.92,21.9,26.11,11.86,3.61,9.15,0,Optimal Thermal Comfort,27.93
24.37,81.15,27.33,81.88,24.98,30.7,20.92,2.96,0.73,1,High Heat Stress Risk,28.19
24.27,68.25,30.31,83.17,24.53,39.62,18.04,6.04,14.92,0,Optimal Thermal Comfort,27.85
30.4,44.51,30.32,55.99,30.78,32.63,16.94,-0.08,11.48,1,High Heat Stress Risk,34.64
25.88,66.6,30.18,78.05,26.26,37.65,19.18,4.3,11.45,0,Optimal Thermal Comfort,30.42
31.74,35.75,37.23,41.06,31.25,42.15,14.7,5.49,5.31,1,High Heat Stress Risk,37.75
24.44,69.82,32.91,81.7,24.76,48.65,18.56,8.47,11.88,0,Optimal Thermal Comfort,28.93
28.06,73.07,31.15,79.6,31.21,41.24,22.77,3.09,6.53,1,High Heat Stress Risk,33.9
23.83,54.6,28.77,67.27,23.69,31.77,14.12,4.94,12.67,0,Optimal Thermal Comfort,27.31
35.15,63.54,35.2,57.76,47.3,44.56,27.17,0.05,-5.78,1,High Heat Stress Risk,39.13
22.49,86.43,21.19,91.67,23.05,21.76,20.11,-1.3,5.24,1,High Heat Stress Risk,26.5
28.18,55.68,34.32,77.09,29.23,51.82,18.46,6.14,21.41,0,Optimal Thermal Comfort,31.62
29.41,48.76,33.6,51.51,30.04,38.02,17.48,4.19,2.75,1,High Heat Stress Risk,34.3
28.57,80.52,35.48,84.49,33.67,62.0,24.88,6.91,3.97,1,High Heat Stress Risk,36.23
26.3,86.53,27.34,91.67,28.62,31.94,23.87,1.04,5.14,1,High Heat Stress Risk,30.39
26.51,62.05,31.9,61.44,27.6,37.28,18.64,5.39,-0.61,0,Optimal Thermal Comfort,30.45
27.17,74.64,35.66,66.58,29.58,50.75,22.26,8.49,-8.06,0,Optimal Thermal Comfort,32.48
26.44,78.77,31.61,85.54,28.47,45.27,22.45,5.17,6.77,1,High Heat Stress Risk,31.14
30.66,52.72,35.5,62.24,32.58,47.75,19.88,4.84,9.52,1,High Heat Stress Risk,36.11
35.4,55.93,39.62,64.04,44.26,64.56,25.24,4.22,8.11,1,High Heat Stress Risk,41.84
24.88,77.39,25.47,84.8,25.44,26.29,20.64,0.59,7.41,1,High Heat Stress Risk,27.92
21.79,83.06,29.11,91.89,22.19,37.95,18.78,7.32,8.83,1,High Heat Stress Risk,27.42
26.66,69.04,29.46,85.21,28.23,37.39,20.5,2.8,16.17,0,Optimal Thermal Comfort,31.26
36.8,51.0,42.16,58.07,45.74,69.92,24.97,5.36,7.07,1,High Heat Stress Risk,43.67
23.95,86.84,24.55,91.03,24.67,25.44,21.62,0.6,4.19,1,High Heat Stress Risk,27.16
33.23,55.36,34.72,61.75,38.46,45.05,23.05,1.49,6.39,1,High Heat Stress Risk,39.4
33.38,57.81,40.88,70.66,39.69,77.04,23.91,7.5,12.85,1,High Heat Stress Risk,39.32
24.9,66.28,28.3,85.37,25.18,33.83,18.17,3.4,19.09,0,Optimal Thermal Comfort,29.35
29.16,81.43,36.7,85.22,35.52,68.98,25.64,7.54,3.79,1,High Heat Stress Risk,33.97
33.19,72.67,37.21,81.92,45.29,68.82,27.6,4.02,9.25,1,High Heat Stress Risk,38.02
25.56,67.19,25.52,78.22,25.93,26.17,19.01,-0.04,11.03,0,Optimal Thermal Comfort,29.9
26.23,67.79,32.48,68.85,27.53,41.4,19.79,6.25,1.06,0,Optimal Thermal Comfort,30.77
24.79,62.54,27.63,71.2,24.96,30.11,17.14,2.84,8.66,0,Optimal Thermal Comfort,28.29
23.14,68.98,28.95,66.48,23.31,31.99,17.13,5.81,-2.5,0,Optimal Thermal Comfort,27.0
24.53,30.38,28.79,25.61,23.83,27.49,5.98,4.26,-4.77,0,Optimal Thermal Comfort,29.37
22.35,58.29,23.0,69.54,22.16,23.17,13.75,0.65,11.25,0,Optimal Thermal Comfort,25.33
27.13,65.02,31.71,70.64,28.65,39.79,19.97,4.58,5.62,0,Optimal Thermal Comfort,31.8
24.07,47.61,33.33,57.63,23.78,39.5,12.24,9.26,10.02,0,Optimal Thermal Comfort,29.08
27.89,66.83,33.22,75.19,30.06,46.59,21.14,5.33,8.36,1,High Heat Stress Risk,31.43
21.09,59.44,25.16,60.62,20.81,25.31,12.87,4.07,1.18,0,Optimal Thermal Comfort,23.76
28.26,83.94,34.93,92.1,33.45,64.89,25.28,6.67,8.16,1,High Heat Stress Risk,33.75
30.17,81.66,34.85,80.91,38.69,56.48,26.67,4.68,-0.75,1,High Heat Stress Risk,34.84
19.42,56.18,24.11,75.11,18.88,24.54,10.46,4.69,18.93,0,Optimal Thermal Comfort,23.83
28.42,60.11,30.11,58.44,30.1,32.73,19.92,1.69,-1.67,1,High Heat Stress Risk,33.66
31.67,61.08,36.4,68.11,36.63,54.47,23.23,4.73,7.03,1,High Heat Stress Risk,37.67
22.4,56.35,28.98,57.04,22.17,30.56,13.28,6.58,0.69,0,Optimal Thermal Comfort,28.11
33.36,64.44,35.63,77.22,42.21,57.46,25.72,2.27,12.78,1,High Heat Stress Risk,38.64
28.59,52.52,36.07,58.54,29.42,47.56,17.91,7.48,6.02,0,Optimal Thermal Comfort,34.49
24.32,47.87,28.31,52.48,24.06,29.06,12.55,3.99,4.61,0,Optimal Thermal Comfort,28.13
26.79,69.78,28.95,84.68,28.49,35.64,20.8,2.16,14.9,0,Optimal Thermal Comfort,32.97
29.12,69.87,35.62,78.59,32.97,58.38,23.04,6.5,8.72,1,High Heat Stress Risk,35.95
27.29,51.95,30.83,64.32,27.83,35.57,16.54,3.54,12.37,0,Optimal Thermal Comfort,31.92
29.05,73.19,34.99,74.33,33.45,52.88,23.75,5.94,1.14,1,High Heat Stress Risk,34.59
23.5,54.11,27.03,52.07,23.32,27.58,13.68,3.53,-2.04,0,Optimal Thermal Comfort,28.57
27.64,65.16,31.71,74.47,29.45,41.17,20.49,4.07,9.31,0,Optimal Thermal Comfort,32.29
21.63,72.25,26.96,78.36,21.74,29.5,16.41,5.33,6.11,0,Optimal Thermal Comfort,25.18
26.58,61.58,31.45,74.78,27.66,40.47,18.58,4.87,13.2,0,Optimal Thermal Comfort,31.95
23.57,67.68,23.18,75.58,23.75,23.53,17.24,-0.39,7.9,0,Optimal Thermal Comfort,27.11
24.2,55.54,25.83,65.58,24.13,26.18,14.73,1.63,10.04,0,Optimal Thermal Comfort,28.21
31.7,59.54,38.03,55.87,36.25,52.29,22.83,6.33,-3.67,1,High Heat Stress Risk,36.78
31.15,59.43,35.04,82.09,35.02,58.15,22.29,3.89,22.66,1,High Heat Stress Risk,35.12
29.31,52.67,32.31,59.94,30.44,37.79,18.62,3.0,7.27,1,High Heat Stress Risk,34.33
22.85,59.79,23.92,73.52,22.75,24.29,14.61,1.07,13.73,0,Optimal Thermal Comfort,27.12
25.8,42.64,27.51,44.87,25.55,27.56,12.13,1.71,2.23,0,Optimal Thermal Comfort,29.76
31.61,55.86,31.16,66.67,35.07,37.02,21.7,-0.45,10.81,1,High Heat Stress Risk,37.36
27.54,58.44,31.51,57.17,28.65,35.2,18.64,3.97,-1.27,0,Optimal Thermal Comfort,31.74
35.81,58.8,38.64,70.69,46.9,66.01,26.46,2.83,11.89,1,High Heat Stress Risk,40.81
28.49,58.98,30.47,64.81,30.07,34.88,19.68,1.98,5.83,1,High Heat Stress Risk,33.01
27.73,61.23,31.77,69.95,29.18,39.72,19.57,4.04,8.72,0,Optimal Thermal Comfort,32.43
25.83,67.99,30.86,81.73,26.24,41.01,19.46,5.03,13.74,0,Optimal Thermal Comfort,31.04
27.51,72.93,36.52,72.19,30.07,57.77,22.21,9.01,-0.74,1,High Heat Stress Risk,32.41
26.42,53.88,27.14,57.24,26.52,28.05,16.31,0.72,3.36,0,Optimal Thermal Comfort,31.52
29.69,46.96,36.56,58.89,30.17,49.31,17.14,6.87,11.93,1,High Heat Stress Risk,36.65
30.64,48.97,37.07,73.21,31.85,60.93,18.67,6.43,24.24,1,High Heat Stress Risk,36.17
24.01,55.91,26.42,63.37,23.93,27.56,14.66,2.41,7.46,0,Optimal Thermal Comfort,28.91
21.94,57.6,26.61,70.53,21.69,28.25,13.19,4.67,12.93,0,Optimal Thermal Comfort,25.14
20.02,52.38,23.17,60.07,19.45,23.11,9.97,3.15,7.69,0,Optimal Thermal Comfort,24.3
28.93,45.8,33.56,68.87,29.1,44.77,16.06,4.63,23.07,0,Optimal Thermal Comfort,34.75
22.81,56.3,30.48,51.69,22.62,32.08,13.65,7.67,-4.61,0,Optimal Thermal Comfort,28.03
18.82,64.27,24.41,73.48,18.44,24.83,11.92,5.59,9.21,0,Optimal Thermal Comfort,22.47
28.48,69.44,33.85,65.75,31.54,44.26,22.33,5.37,-3.69,1,High Heat Stress Risk,31.34
36.47,55.03,39.68,44.73,46.89,50.26,25.95,3.21,-10.3,1,High Heat Stress Risk,41.94
26.98,56.84,27.76,67.57,27.84,29.92,17.68,0.78,10.73,0,Optimal Thermal Comfort,30.67
30.19,50.42,33.91,59.96,31.4,41.91,18.73,3.72,9.54,1,High Heat Stress Risk,34.54
27.31,61.61,34.29,67.97,28.62,46.74,19.27,6.98,6.36,0,Optimal Thermal Comfort,32.55
26.62,51.39,27.31,59.1,27.14,28.41,15.76,0.69,7.71,0,Optimal Thermal Comfort,30.4
30.49,69.16,32.27,99.0,36.04,55.04,24.18,1.78,29.84,1,High Heat Stress Risk,34.71
25.9,39.68,30.39,46.24,25.58,31.02,11.13,4.49,6.56,0,Optimal Thermal Comfort,29.66
28.02,57.5,29.95,69.83,29.21,34.88,18.83,1.93,12.33,0,Optimal Thermal Comfort,31.98
28.22,65.76,30.6,69.39,30.51,36.38,21.19,2.38,3.63,1,High Heat Stress Risk,33.65
24.46,64.3,27.69,75.01,24.64,30.69,17.27,3.23,10.71,0,Optimal Thermal Comfort,28.12
30.77,95.66,31.83,99.0,46.01,52.73,29.99,1.06,3.34,1,High Heat Stress Risk,35.16
26.34,66.37,28.29,71.79,27.61,31.51,19.56,1.95,5.42,0,Optimal Thermal Comfort,30.24
24.13,49.45,29.95,71.59,23.89,35.3,12.88,5.82,22.14,0,Optimal Thermal Comfort,28.88
29.04,60.81,30.23,78.14,31.23,37.83,20.69,1.19,17.33,1,High Heat Stress Risk,33.92
23.59,39.8,24.11,49.32,23.04,23.86,9.12,0.52,9.52,0,Optimal Thermal Comfort,24.92
27.11,60.99,29.86,52.21,28.3,31.19,18.92,2.75,-8.78,0,Optimal Thermal Comfort,32.36
26.97,51.59,32.85,57.38,27.49,38.24,16.14,5.88,5.79,0,Optimal Thermal Comfort,32.97
31.13,73.44,34.87,99.0,39.05,70.05,25.8,3.74,25.56,1,High Heat Stress Risk,35.57
28.8,55.13,31.94,61.9,30.03,37.51,18.88,3.14,6.77,1,High Heat Stress Risk,32.86
26.9,60.54,31.21,77.31,27.99,40.61,18.61,4.31,16.77,0,Optimal Thermal Comfort,31.24
30.11,54.06,30.29,73.37,31.9,36.65,19.78,0.18,19.31,1,High Heat Stress Risk,34.09
32.28,83.74,37.62,93.88,47.12,82.87,29.17,5.34,10.14,1,High Heat Stress Risk,38.09
29.12,57.98,34.2,60.17,30.92,42.81,19.99,5.08,2.19,1,High Heat Stress Risk,32.79
27.04,84.91,30.3,75.14,30.32,37.17,24.28,3.26,-9.77,1,High Heat Stress Risk,30.75
22.02,72.18,28.53,85.81,22.16,34.6,16.77,6.51,13.63,0,Optimal Thermal Comfort,27.45
22.95,68.03,24.56,70.42,23.08,24.91,16.73,1.61,2.39,0,Optimal Thermal Comfort,25.94
25.84,66.61,32.63,76.43,26.22,45.06,19.14,6.79,9.82,0,Optimal Thermal Comfort,31.67
24.68,66.92,29.24,66.05,24.95,32.5,18.11,4.56,-0.87,0,Optimal Thermal Comfort,29.33
26.29,37.9,29.72,44.41,25.96,29.88,10.79,3.43,6.51,0,Optimal Thermal Comfort,29.39
27.22,58.51,31.37,67.27,28.25,37.74,18.36,4.15,8.76,0,Optimal Thermal Comfort,32.4
29.01,72.56,32.97,83.08,33.24,49.61,23.57,3.96,10.52,1,High Heat Stress Risk,33.87
26.73,61.39,33.74,61.53,27.84,42.09,18.67,7.01,0.14,0,Optimal Thermal Comfort,31.45
28.85,44.44,30.57,61.91,28.87,34.4,15.52,1.72,17.47,0,Optimal Thermal Comfort,33.62
27.25,61.34,29.69,65.37,28.51,33.3,19.15,2.44,4.03,0,Optimal Thermal Comfort,32.06
19.49,83.3,26.08,79.24,19.67,27.79,16.58,6.59,-4.06,1,High Heat Stress Risk,23.93
23.43,77.59,26.26,85.27,23.85,28.45,19.28,2.83,7.68,1,High Heat Stress Risk,28.25
26.45,61.22,32.72,69.98,27.48,42.58,18.36,6.27,8.76,0,Optimal Thermal Comfort,31.66
22.4,73.89,30.51,83.6,22.62,40.45,17.51,8.11,9.71,0,Optimal Thermal Comfort,25.94
29.28,57.42,32.56,76.13,31.1,44.68,19.98,3.28,18.71,1,High Heat Stress Risk,33.81
32.82,40.7,38.58,47.43,33.65,48.77,17.69,5.76,6.73,1,High Heat Stress Risk,40.81
31.63,50.44,33.18,58.05,33.8,39.27,20.06,1.55,7.61,1,High Heat Stress Risk,37.15
26.19,81.54,32.12,81.76,28.11,45.58,22.77,5.93,0.22,1,High Heat Stress Risk,32.78
32.66,58.58,37.32,73.23,38.19,62.07,23.46,4.66,14.65,1,High Heat Stress Risk,39.3
27.56,58.96,32.85,68.84,28.72,42.51,18.8,5.29,9.88,0,Optimal Thermal Comfort,32.67
25.72,58.25,28.43,63.6,25.87,30.58,16.89,2.71,5.35,0,Optimal Thermal Comfort,30.21
24.67,85.8,25.05,80.02,25.43,25.7,22.13,0.38,-5.78,1,High Heat Stress Risk,28.4
25.85,82.32,31.21,99.0,26.64,49.58,22.6,5.36,16.68,1,High Heat Stress Risk,29.23
25.52,89.73,24.98,89.03,26.47,25.86,23.7,-0.54,-0.7,1,High Heat Stress Risk,29.28
27.65,60.01,31.12,64.08,28.95,36.19,19.17,3.47,4.07,0,Optimal Thermal Comfort,33.23
27.61,65.7,33.97,76.88,29.46,50.31,20.6,6.36,11.18,0,Optimal Thermal Comfort,32.26
27.01,43.04,31.65,42.57,27.03,32.23,13.36,4.64,-0.47,0,Optimal Thermal Comfort,32.07
28.66,80.46,37.34,77.76,33.9,65.89,24.95,8.68,-2.7,1,High Heat Stress Risk,34.9
31.52,47.4,38.08,39.97,32.95,43.59,18.95,6.56,-7.43,1,High Heat Stress Risk,36.55
30.61,64.71,33.3,78.62,35.17,48.61,23.19,2.69,13.91,1,High Heat Stress Risk,35.27
21.36,48.28,25.62,52.69,20.81,25.61,9.98,4.26,4.41,0,Optimal Thermal Comfort,24.44
17.3,54.64,21.39,85.09,16.51,21.81,8.07,4.09,30.45,0,Optimal Thermal Comfort,19.89
30.55,51.53,31.11,52.58,32.17,33.34,19.41,0.56,1.05,1,High Heat Stress Risk,34.25
21.81,54.4,23.84,55.99,21.47,23.74,12.19,2.03,1.59,0,Optimal Thermal Comfort,24.71
26.15,55.26,29.06,59.52,26.26,31.06,16.46,2.91,4.26,0,Optimal Thermal Comfort,31.57
22.55,55.15,22.07,65.47,22.3,22.04,13.09,-0.48,10.32,0,Optimal Thermal Comfort,25.17
20.15,72.42,24.46,77.39,20.11,24.98,15.03,4.31,4.97,0,Optimal Thermal Comfort,23.91
29.06,48.19,32.68,61.28,29.52,39.15,16.98,3.62,13.09,1,High Heat Stress Risk,33.58
29.88,64.76,30.24,65.92,33.57,34.62,22.51,0.36,1.16,1,High Heat Stress Risk,35.3
24.81,77.22,29.94,75.36,25.36,36.23,20.54,5.13,-1.86,1,High Heat Stress Risk,30.28
17.15,55.59,23.0,50.6,16.37,22.68,8.19,5.85,-4.99,0,Optimal Thermal Comfort,21.25
24.92,53.03,29.65,44.85,24.85,29.85,14.68,4.73,-8.18,0,Optimal Thermal Comfort,29.6
28.49,59.12,31.94,63.73,30.08,38.09,19.72,3.45,4.61,1,High Heat Stress Risk,33.11
21.38,76.75,26.94,82.99,21.58,29.88,17.12,5.56,6.24,1,High Heat Stress Risk,24.53
27.7,64.43,33.46,68.19,29.47,44.14,20.37,5.76,3.76,0,Optimal Thermal Comfort,34.18
26.94,55.36,31.85,73.19,27.69,41.14,17.22,4.91,17.83,0,Optimal Thermal Comfort,31.15
29.2,68.05,31.5,85.76,32.79,44.93,22.68,2.3,17.71,1,High Heat Stress Risk,34.42
27.45,48.22,32.29,54.21,27.73,36.03,15.52,4.84,5.99,0,Optimal Thermal Comfort,33.09
23.3,70.52,30.25,65.56,23.53,34.56,17.63,6.95,-4.96,0,Optimal Thermal Comfort,27.42
31.55,67.11,34.37,71.36,38.17,48.79,24.69,2.82,4.25,1,High Heat Stress Risk,37.48
26.4,58.15,35.42,62.15,26.61,47.44,17.5,9.02,4.0,0,Optimal Thermal Comfort,32.29
26.9,51.52,29.89,55.09,27.41,31.72,16.05,2.99,3.57,0,Optimal Thermal Comfort,32.68
23.45,50.92,27.73,54.18,23.18,28.51,12.7,4.28,3.26,0,Optimal Thermal Comfort,27.26
25.32,68.69,27.97,72.28,25.7,30.91,19.14,2.65,3.59,0,Optimal Thermal Comfort,28.55
23.64,77.36,28.35,82.96,24.08,33.52,19.44,4.71,5.6,1,High Heat Stress Risk,27.51
26.34,54.03,26.54,57.77,26.44,27.4,16.28,0.2,3.74,0,Optimal Thermal Comfort,30.48
33.5,67.73,36.45,77.79,44.06,61.62,26.69,2.95,10.06,1,High Heat Stress Risk,39.01
21.79,35.91,23.47,47.11,20.96,23.1,6.01,1.68,11.2,0,Optimal Thermal Comfort,25.02
20.87,54.69,25.38,56.36,20.44,25.45,11.4,4.51,1.67,0,Optimal Thermal Comfort,23.25
32.59,61.61,39.08,79.64,39.04,76.83,24.24,6.49,18.03,1,High Heat Stress Risk,38.8
26.2,50.63,31.89,51.78,26.2,34.59,15.14,5.69,1.15,0,Optimal Thermal Comfort,32.46
24.46,50.29,23.2,46.66,24.27,22.79,13.44,-1.26,-3.63,0,Optimal Thermal Comfort,28.29
30.95,53.65,39.85,65.01,33.28,66.43,20.43,8.9,11.36,1,High Heat Stress Risk,37.38
24.7,65.65,29.58,68.02,24.94,33.61,17.83,4.88,2.37,0,Optimal Thermal Comfort,29.57
33.94,59.66,36.35,70.57,41.87,55.93,24.96,2.41,10.91,1,High Heat Stress Risk,39.69
29.58,34.02,34.14,25.0,28.67,32.69,12.05,4.56,-9.02,1,High Heat Stress Risk,35.4
25.15,35.49,29.75,54.43,24.65,31.38,8.8,4.6,18.94,0,Optimal Thermal Comfort,29.91
35.2,54.41,37.86,67.96,43.02,60.29,24.59,2.66,13.55,1,High Heat Stress Risk,40.64
24.7,67.72,29.35,64.97,24.99,32.52,18.32,4.65,-2.75,0,Optimal Thermal Comfort,28.51
29.82,27.66,32.62,25.07,28.43,30.97,9.15,2.8,-2.59,1,High Heat Stress Risk,34.53
28.14,55.75,31.41,76.8,29.18,41.08,18.45,3.27,21.05,0,Optimal Thermal Comfort,33.09
31.95,55.42,34.57,58.39,35.65,43.07,21.89,2.62,2.97,1,High Heat Stress Risk,36.9
32.93,79.35,33.84,81.6,47.55,52.46,28.87,0.91,2.25,1,High Heat Stress Risk,38.24
27.12,57.19,31.66,48.69,28.02,33.46,17.91,4.54,-8.5,0,Optimal Thermal Comfort,32.2
24.14,66.79,29.68,72.66,24.35,34.88,17.57,5.54,5.87,0,Optimal Thermal Comfort,29.22
28.75,63.77,34.13,70.56,31.18,47.52,21.19,5.38,6.79,1,High Heat Stress Risk,34.83
24.42,35.37,30.51,49.23,23.84,31.69,8.11,6.09,13.86,0,Optimal Thermal Comfort,29.06
34.65,71.6,39.6,69.61,49.96,69.57,28.74,4.95,-1.99,1,High Heat Stress Risk,39.61
27.52,64.69,30.49,61.79,29.21,34.2,20.26,2.97,-2.9,0,Optimal Thermal Comfort,31.83
25.61,68.35,31.74,80.24,26.01,43.53,19.34,6.13,11.89,0,Optimal Thermal Comfort,30.4
27.7,98.0,28.78,99.0,34.1,38.53,27.35,1.08,1.0,1,High Heat Stress Risk,30.64
21.88,35.95,24.01,32.66,21.06,23.32,6.11,2.13,-3.29,0,Optimal Thermal Comfort,26.52
23.31,83.56,25.29,99.0,23.88,26.46,20.36,1.98,15.44,1,High Heat Stress Risk,27.21
31.56,58.41,38.25,67.19,35.63,61.33,22.39,6.69,8.78,1,High Heat Stress Risk,37.58
24.5,65.59,30.87,82.28,24.72,41.24,17.62,6.37,16.69,0,Optimal Thermal Comfort,30.15
23.02,61.43,28.34,69.4,22.98,31.25,15.19,5.32,7.97,0,Optimal Thermal Comfort,26.8
29.04,56.7,35.7,46.28,30.61,40.84,19.56,6.66,-10.42,1,High Heat Stress Risk,34.83
31.51,54.88,33.68,62.24,34.62,42.22,21.32,2.17,7.36,1,High Heat Stress Risk,36.48
29.73,66.12,34.73,82.57,33.54,57.03,22.71,5.0,16.45,1,High Heat Stress Risk,34.8
30.78,43.04,34.7,44.83,31.07,38.15,16.75,3.92,1.79,1,High Heat Stress Risk,35.41
24.12,71.38,30.27,76.97,24.45,37.61,18.61,6.15,5.59,0,Optimal Thermal Comfort,29.91
21.6,56.8,25.53,63.98,21.3,25.81,12.66,3.93,7.18,0,Optimal Thermal Comfort,25.15
32.71,47.87,36.02,34.63,35.15,37.45,20.2,3.31,-13.24,1,High Heat Stress Risk,38.64
25.77,56.37,31.22,77.41,25.87,40.68,16.42,5.45,21.04,0,Optimal Thermal Comfort,29.05
26.05,77.71,32.26,79.45,27.67,45.08,21.84,6.21,1.74,1,High Heat Stress Risk,31.77
32.05,55.31,34.71,67.6,35.83,47.98,21.95,2.66,12.29,1,High Heat Stress Risk,38.05
29.11,66.48,33.17,74.33,32.32,46.0,22.21,4.06,7.85,1,High Heat Stress Risk,34.16
28.73,52.86,30.5,70.8,29.65,36.51,18.14,1.77,17.94,0,Optimal Thermal Comfort,33.13
35.23,71.47,33.68,83.02,52.08,52.59,29.27,-1.55,11.55,1,High Heat Stress Risk,40.58
24.55,70.57,29.22,77.31,24.9,34.75,18.84,4.67,6.74,0,Optimal Thermal Comfort,30.65
30.53,85.11,36.13,86.91,41.03,67.32,27.73,5.6,1.8,1,High Heat Stress Risk,34.63
27.22,59.81,32.02,74.29,28.35,42.1,18.71,4.8,14.48,0,Optimal Thermal Comfort,32.61
28.02,70.36,27.74,64.81,30.75,29.58,22.11,-0.28,-5.55,1,High Heat Stress Risk,31.5
32.81,63.23,36.2,76.57,40.2,59.55,24.88,3.39,13.34,1,High Heat Stress Risk,38.23
28.93,78.2,28.03,78.46,34.17,31.94,24.74,-0.9,0.26,1,High Heat Stress Risk,32.95
29.05,53.01,36.4,70.91,30.11,56.37,18.48,7.35,17.9,1,High Heat Stress Risk,34.19
31.08,71.31,32.78,81.02,38.22,47.79,25.26,1.7,9.71,1,High Heat Stress Risk,35.99
25.61,59.57,32.7,72.9,25.78,43.75,17.14,7.09,13.33,0,Optimal Thermal Comfort,29.66
23.81,61.2,30.19,70.31,23.84,35.58,15.88,6.38,9.11,0,Optimal Thermal Comfort,29.11
23.03,63.15,25.16,58.5,23.04,25.26,15.63,2.13,-4.65,0,Optimal Thermal Comfort,25.46
19.53,65.15,21.12,67.2,19.24,21.04,12.8,1.59,2.05,0,Optimal Thermal Comfort,23.1
34.81,60.55,39.82,74.09,44.75,75.12,26.03,5.01,13.54,1,High Heat Stress Risk,40.54
22.81,64.68,25.07,74.43,22.84,25.58,15.8,2.26,9.75,0,Optimal Thermal Comfort,25.69
26.16,81.73,30.59,99.0,28.06,46.57,22.78,4.43,17.27,1,High Heat Stress Risk,30.9
25.95,74.32,29.04,85.84,26.54,36.19,21.02,3.09,11.52,0,Optimal Thermal Comfort,29.14
28.17,72.86,28.27,74.11,31.41,31.82,22.83,0.1,1.25,1,High Heat Stress Risk,32.44
30.1,56.31,29.17,58.84,32.3,31.14,20.43,-0.93,2.53,1,High Heat Stress Risk,33.41
30.27,50.88,34.99,60.16,31.6,45.1,18.95,4.72,9.28,1,High Heat Stress Risk,35.86
24.78,73.94,27.69,65.09,25.24,29.53,19.81,2.91,-8.85,0,Optimal Thermal Comfort,28.24
26.36,72.95,29.29,94.0,27.99,39.21,21.11,2.93,21.05,0,Optimal Thermal Comfort,30.42
28.07,80.41,33.87,92.22,32.34,59.26,24.37,5.8,11.81,1,High Heat Stress Risk,33.37
26.05,54.45,32.95,72.15,26.13,44.25,16.14,6.9,17.7,0,Optimal Thermal Comfort,30.41
33.11,59.13,36.68,55.78,39.48,47.93,24.04,3.57,-3.35,1,High Heat Stress Risk,38.57
28.87,41.51,32.28,59.34,28.61,37.53,14.47,3.41,17.83,0,Optimal Thermal Comfort,32.58
29.79,57.09,35.14,82.33,31.9,58.78,20.36,5.35,25.24,1,High Heat Stress Risk,35.53
29.52,74.46,30.6,73.05,34.89,37.41,24.49,1.08,-1.41,1,High Heat Stress Risk,35.43
31.46,56.17,36.17,70.45,34.84,55.12,21.65,4.71,14.28,1,High Heat Stress Risk,38.98
27.69,70.01,33.16,78.51,30.08,48.01,21.71,5.47,8.5,1,High Heat Stress Risk,32.73
22.07,59.62,27.84,56.54,21.89,28.87,13.84,5.77,-3.08,0,Optimal Thermal Comfort,26.84
28.52,66.05,28.26,78.25,31.1,32.46,21.55,-0.26,12.2,1,High Heat Stress Risk,31.42
24.52,47.65,26.97,62.41,24.27,28.22,12.66,2.45,14.76,0,Optimal Thermal Comfort,29.69
24.99,63.07,27.17,67.06,25.19,28.88,17.46,2.18,3.99,0,Optimal Thermal Comfort,29.65
29.23,24.61,33.66,41.86,27.79,35.32,6.93,4.43,17.25,1,High Heat Stress Risk,33.92
31.71,59.66,37.01,55.66,36.31,48.88,22.88,5.3,-4.0,1,High Heat Stress Risk,38.19
27.08,41.62,34.72,38.91,27.01,36.39,12.91,7.64,-2.71,0,Optimal Thermal Comfort,32.1
28.17,77.07,31.24,86.6,32.06,44.26,23.76,3.07,9.53,1,High Heat Stress Risk,32.51
33.47,71.72,36.52,80.41,45.8,64.02,27.64,3.05,8.69,1,High Heat Stress Risk,39.3
27.91,67.83,34.76,70.96,30.22,50.0,21.4,6.85,3.13,1,High Heat Stress Risk,32.33
36.89,81.01,41.77,95.58,66.37,115.73,33.08,4.88,14.57,1,High Heat Stress Risk,43.92
29.15,50.14,36.26,62.62,29.87,50.5,17.69,7.11,12.48,1,High Heat Stress Risk,33.8
20.31,83.84,25.17,98.78,20.59,26.32,17.48,4.86,14.94,1,High Heat Stress Risk,23.3
29.86,73.65,31.4,81.23,35.58,42.71,24.63,1.54,7.58,1,High Heat Stress Risk,33.89
28.45,59.04,29.58,72.06,30.01,34.49,19.66,1.13,13.02,1,High Heat Stress Risk,33.46
31.9,76.2,32.53,81.35,42.46,46.97,27.17,0.63,5.15,1,High Heat Stress Risk,36.32
29.56,48.17,35.28,72.07,30.16,52.64,17.43,5.72,23.9,1,High Heat Stress Risk,33.84
26.47,51.69,33.41,54.1,26.52,38.45,15.71,6.94,2.41,0,Optimal Thermal Comfort,31.03
22.35,54.39,30.8,78.68,22.06,39.77,12.69,8.45,24.29,0,Optimal Thermal Comfort,26.95
26.21,55.39,32.34,64.15,26.33,39.27,16.55,6.13,8.76,0,Optimal Thermal Comfort,30.18
23.77,48.79,30.64,46.98,23.48,31.5,12.34,6.87,-1.81,0,Optimal Thermal Comfort,27.5
24.79,77.29,27.66,96.05,25.34,33.64,20.54,2.87,18.76,1,High Heat Stress Risk,30.52
29.24,58.76,30.78,68.21,31.24,36.51,20.32,1.54,9.45,1,High Heat Stress Risk,33.21
33.35,66.41,39.5,81.29,43.01,81.0,26.22,6.15,14.88,1,High Heat Stress Risk,39.03
28.5,54.87,33.66,72.55,29.57,46.87,18.53,5.16,17.68,0,Optimal Thermal Comfort,33.27
22.46,39.24,26.9,50.28,21.79,27.34,7.9,4.44,11.04,0,Optimal Thermal Comfort,26.18
28.69,65.38,33.78,69.43,31.31,45.75,21.54,5.09,4.05,1,High Heat Stress Risk,34.22
31.55,38.1,36.49,53.91,31.35,46.36,15.52,4.94,15.81,1,High Heat Stress Risk,37.73
24.68,61.14,31.84,69.65,24.8,39.82,16.68,7.16,8.51,0,Optimal Thermal Comfort,29.23
26.49,44.9,33.67,58.54,26.37,40.7,13.54,7.18,13.64,0,Optimal Thermal Comfort,30.61
27.06,86.84,32.51,79.19,30.57,45.88,24.67,5.45,-7.65,1,High Heat Stress Risk,32.89
24.02,73.39,30.16,85.24,24.39,39.77,18.96,6.14,11.85,0,Optimal Thermal Comfort,28.47
29.46,63.32,34.85,67.03,32.43,48.16,21.74,5.39,3.71,1,High Heat Stress Risk,35.99
26.54,77.8,29.68,98.7,28.6,42.29,22.34,3.14,20.9,1,High Heat Stress Risk,29.31
28.59,51.42,34.53,64.59,29.3,45.84,17.58,5.94,13.17,0,Optimal Thermal Comfort,33.92
23.63,68.79,24.62,79.09,23.84,25.2,17.55,0.99,10.3,0,Optimal Thermal Comfort,28.76
25.34,64.5,31.96,76.64,25.61,42.83,18.15,6.62,12.14,0,Optimal Thermal Comfort,29.87
29.75,65.3,31.2,66.31,33.41,37.02,22.52,1.45,1.01,1,High Heat Stress Risk,34.26
25.58,77.9,30.44,98.58,26.23,45.69,21.43,4.86,20.68,1,High Heat Stress Risk,30.37
33.56,71.16,35.82,94.59,45.84,72.13,27.6,2.26,23.43,1,High Heat Stress Risk,38.51
25.48,65.61,30.95,77.06,25.8,39.7,18.56,5.47,11.45,0,Optimal Thermal Comfort,29.89
27.85,41.31,31.98,61.74,27.62,37.56,13.49,4.13,20.43,0,Optimal Thermal Comfort,32.39
30.54,50.0,31.08,54.23,31.87,33.64,18.92,0.54,4.23,1,High Heat Stress Risk,34.73
21.61,60.47,26.78,62.99,21.41,28.0,13.62,5.17,2.52,0,Optimal Thermal Comfort,26.55
20.31,63.17,23.18,71.97,20.05,23.43,13.07,2.87,8.8,0,Optimal Thermal Comfort,24.13
21.2,47.87,27.43,59.63,20.63,28.61,9.71,6.23,11.76,0,Optimal Thermal Comfort,25.5
31.8,92.15,36.0,97.69,49.1,76.07,30.36,4.2,5.54,1,High Heat Stress Risk,37.81
24.9,80.95,30.01,93.49,25.56,41.92,21.4,5.11,12.54,1,High Heat Stress Risk,29.2
36.72,69.53,38.72,80.32,56.72,75.51,30.21,2.0,10.79,1,High Heat Stress Risk,41.95
24.86,62.9,27.7,63.91,25.04,29.42,17.3,2.84,1.01,0,Optimal Thermal Comfort,28.56
27.7,59.35,30.85,71.74,28.95,37.72,19.04,3.15,12.39,0,Optimal Thermal Comfort,32.33
32.86,50.1,39.03,65.08,36.04,62.92,21.07,6.17,14.98,1,High Heat Stress Risk,37.92
34.62,62.97,42.68,72.75,45.33,89.52,26.51,8.06,9.78,1,High Heat Stress Risk,40.65
34.83,65.22,37.18,82.37,47.13,69.06,27.31,2.35,17.15,1,High Heat Stress Risk,40.02
31.59,46.48,38.27,45.85,32.88,47.02,18.7,6.68,-0.63,1,High Heat Stress Risk,38.92
30.89,66.18,30.1,78.19,36.22,37.46,23.83,-0.79,12.01,1,High Heat Stress Risk,33.32
29.25,60.06,30.7,59.78,31.47,34.17,20.68,1.45,-0.28,1,High Heat Stress Risk,33.72
